pattern_angle,step_strip,density_strip,ratio_filler_matrix,density,elasticity_module,number_hardeners,content_epoxy_groups,flash_temperature,surface_density,elasticity_module_stretching,strapery_strength,resin_consumption
0,4.000,57.000,1.857,2030.000,738.737,30.000,22.268,100.000,210.000,70.000,3000.000,220.000
0,4.000,60.000,1.857,2030.000,738.737,50.000,23.750,284.615,210.000,70.000,3000.000,220.000
0,4.000,70.000,1.857,2030.000,738.737,49.900,33.000,284.615,210.000,70.000,3000.000,220.000
0,5.000,47.000,1.857,2030.000,738.737,129.000,21.250,300.000,210.000,70.000,3000.000,220.000
0,5.000,57.000,2.771,2030.000,753.000,111.860,22.268,284.615,210.000,70.000,3000.000,220.000
0,5.000,60.000,2.768,2000.000,748.000,111.860,22.268,284.615,210.000,70.000,3000.000,220.000
0,5.000,70.000,2.570,1910.000,807.000,111.860,22.268,284.615,210.000,70.000,3000.000,220.000
0,7.000,47.000,2.561,1900.000,535.000,111.860,22.268,284.615,380.000,75.000,1800.000,120.000
0,7.000,57.000,3.557,1930.000,889.000,129.000,21.250,300.000,380.000,75.000,1800.000,120.000
0,7.000,60.000,3.532,2100.000,1421.000,129.000,21.250,300.000,1010.000,78.000,2000.000,300.000
0,7.000,70.000,2.920,2160.000,933.000,129.000,21.250,300.000,1010.000,78.000,2000.000,300.000
0,9.000,47.000,2.877,1990.000,1628.000,129.000,21.250,300.000,1010.000,78.000,2000.000,300.000
0,9.000,57.000,1.598,1950.000,827.000,129.000,21.250,300.000,470.000,73.333,2455.556,220.000
0,9.000,60.000,2.920,1980.000,568.000,129.000,21.250,300.000,470.000,73.333,2455.556,220.000
0,9.000,70.000,4.029,1910.000,800.000,129.000,21.250,300.000,470.000,73.333,2455.556,220.000
0,10.000,47.000,2.935,2030.000,302.000,129.000,21.250,300.000,210.000,70.000,3000.000,220.000
0,10.000,57.000,3.557,1880.000,313.000,129.000,21.250,300.000,210.000,70.000,3000.000,220.000
0,10.000,60.000,4.194,1950.000,506.000,129.000,21.250,300.000,380.000,75.000,1800.000,120.000
0,10.000,70.000,4.898,1890.000,540.000,129.000,21.250,300.000,380.000,75.000,1800.000,120.000
0,0.000,0.000,3.532,1980.000,1183.000,111.860,22.268,284.615,1010.000,78.000,2000.000,300.000
90,4.000,47.000,2.877,2000.000,205.000,111.860,22.268,284.615,1010.000,78.000,2000.000,300.000
90,4.000,57.000,1.598,1920.000,456.000,111.860,22.268,284.615,470.000,73.333,2455.556,220.000
90,4.000,60.000,4.029,1880.000,622.000,111.860,22.268,284.615,470.000,73.333,2455.556,220.000
90,4.000,70.000,2.587,1953.275,1136.596,137.627,22.345,234.717,555.893,80.803,2587.343,246.613
90,5.000,47.000,2.500,1942.596,901.520,146.252,23.082,351.232,864.725,76.178,3705.673,226.223
90,5.000,57.000,2.046,2037.632,707.571,101.617,23.146,312.307,547.601,73.817,2624.026,178.199
90,5.000,60.000,1.856,2018.220,836.294,135.402,26.436,327.510,150.961,77.211,2473.187,123.345
90,5.000,70.000,3.306,1917.908,478.286,105.787,17.874,328.155,526.692,72.346,3059.033,275.576
90,7.000,47.000,2.710,1892.071,641.053,96.563,22.989,262.957,804.593,74.511,2288.967,126.816
90,7.000,57.000,2.283,2008.358,393.967,149.373,21.662,330.499,535.371,72.245,2704.445,261.077
90,7.000,60.000,1.978,1973.629,991.724,149.372,19.751,232.058,485.454,75.666,2448.943,162.494
90,7.000,70.000,1.771,1872.492,801.034,79.795,22.296,340.737,864.929,70.948,2796.785,123.356
90,9.000,47.000,3.277,2010.047,339.550,67.499,24.281,254.949,117.535,67.479,2462.605,207.019
90,9.000,57.000,2.984,1912.315,1183.092,133.549,23.264,314.996,377.389,75.290,2303.771,200.580
90,9.000,60.000,2.916,1879.970,1003.270,109.240,25.683,294.049,408.354,71.701,3086.546,192.191
90,9.000,70.000,3.248,1813.235,757.874,81.380,23.422,279.080,575.063,69.341,3188.136,252.871
90,10.000,47.000,2.424,1908.941,530.229,58.262,24.074,325.139,456.908,74.244,1890.506,222.699
90,10.000,57.000,5.099,1977.339,1572.096,132.343,25.397,286.556,690.365,72.342,1386.579,271.901
90,10.000,60.000,2.444,2085.496,931.311,110.565,23.487,270.287,278.230,71.479,2740.230,187.861
90,10.000,70.000,2.668,2078.895,1542.168,132.147,22.650,357.973,787.299,76.472,2559.643,163.903
0,7.856,64.302,3.034,1968.401,455.871,61.421,23.491,316.415,637.377,75.090,2848.490,311.052
0,7.402,19.251,2.465,1936.099,1056.555,71.294,24.523,271.976,129.077,66.421,2868.587,227.023
0,6.676,78.623,2.664,1996.159,525.058,77.507,18.126,223.409,28.658,69.490,2220.587,314.777
0,7.526,38.177,1.194,1965.929,899.604,102.959,19.567,225.810,871.089,73.455,2335.542,91.048
0,8.326,46.045,2.914,2049.373,382.263,81.352,16.392,233.296,561.992,69.815,2262.784,303.075
0,7.656,33.571,4.316,1913.380,822.919,143.577,24.276,274.989,260.859,75.957,1639.913,248.244
0,10.303,39.234,2.338,1963.352,1155.161,150.016,18.299,315.904,644.363,71.304,3407.714,304.423
0,8.947,72.085,1.298,1984.511,1405.787,130.943,21.829,288.952,161.008,74.681,2526.814,228.868
0,3.747,57.998,2.134,1986.349,809.294,95.089,19.365,205.500,196.358,76.340,2459.525,289.957
0,9.094,44.802,4.148,1991.790,1250.198,116.856,21.573,320.740,755.501,70.355,1795.719,189.883
0,6.304,72.152,3.058,1987.260,403.395,112.720,19.391,336.245,352.832,73.016,2016.504,206.693
0,7.258,50.220,4.182,1940.739,347.992,111.970,18.800,304.190,229.928,72.769,2097.669,226.423
0,6.548,74.219,1.847,1956.087,622.723,115.710,21.043,236.884,393.395,64.696,2436.274,188.274
0,6.146,70.355,1.301,2057.939,939.859,136.324,23.329,292.626,523.847,69.383,2561.545,219.322
0,10.051,74.157,3.632,2065.518,553.621,120.696,24.432,308.979,234.162,69.802,2320.819,266.138
0,9.913,71.145,3.950,2078.085,578.472,101.985,23.522,263.937,200.971,75.929,2684.394,321.583
0,5.647,75.952,4.617,1907.241,854.912,107.634,26.261,294.751,465.510,74.955,2708.092,249.426
0,6.255,32.879,4.256,1985.436,481.467,86.258,21.351,240.094,61.318,71.596,3156.300,279.646
0,7.310,63.861,4.467,2045.920,707.064,40.305,22.230,239.577,646.074,73.803,2718.505,268.645
0,5.257,67.183,3.118,1892.758,968.179,162.465,23.968,260.190,173.813,71.184,2002.044,187.890
0,2.303,65.808,2.677,2053.430,259.358,106.195,20.311,300.755,417.143,71.188,2145.016,304.429
0,6.794,47.295,3.176,1970.518,724.580,151.417,22.206,313.627,411.447,73.554,2505.325,205.203
0,6.281,72.293,2.098,2019.066,1081.413,135.949,21.497,362.877,34.489,74.297,2860.271,186.556
0,4.985,38.307,4.795,1917.784,764.787,91.660,22.676,317.474,422.070,69.076,2250.211,321.146
0,6.191,31.804,2.562,1956.587,411.160,84.289,26.386,264.964,672.365,70.103,3004.697,194.853
0,7.783,54.634,1.705,1993.624,334.893,115.482,24.461,302.348,168.599,73.781,1624.721,283.289
0,13.199,66.363,4.414,2014.623,607.062,104.098,20.779,227.513,654.549,77.047,2241.464,281.271
0,5.083,50.406,3.453,1868.349,576.504,87.387,23.322,291.339,338.937,73.594,2957.916,228.912
0,10.623,47.550,2.682,1843.183,1185.993,106.824,19.333,320.363,75.240,71.215,3377.328,92.448
0,4.796,37.405,3.120,2042.280,600.770,88.413,23.085,280.643,324.279,69.526,2164.389,138.225
0,5.183,79.514,3.725,2009.399,962.774,148.316,16.870,289.236,398.920,69.205,1337.425,172.549
0,7.422,58.239,2.001,2008.311,53.582,111.259,22.785,309.580,887.094,72.487,2835.571,141.598
0,4.546,63.326,2.539,1929.678,1143.787,161.558,22.725,303.530,894.355,75.321,1934.316,131.922
0,5.081,62.422,4.181,2068.267,844.906,117.857,18.040,347.608,404.646,69.600,3134.103,219.995
0,8.489,23.898,3.127,1985.376,1039.386,122.028,22.688,247.091,202.395,67.648,1780.631,198.686
0,4.568,52.641,2.393,2053.928,710.852,134.958,22.130,304.833,361.106,72.047,2802.178,234.209
0,9.246,40.608,1.940,1969.624,1251.790,92.419,22.245,291.936,565.340,69.182,2757.130,211.913
0,11.644,34.930,2.966,1952.018,105.154,104.487,23.899,308.474,808.806,75.825,1400.358,300.500
0,6.845,49.754,4.433,1949.455,638.940,114.528,25.799,281.114,293.444,76.836,2331.470,147.007
0,7.984,51.059,2.897,1929.520,386.793,147.304,22.529,306.854,207.521,69.094,1869.980,138.968
0,4.516,45.967,2.526,1990.625,469.692,107.582,25.126,325.159,451.864,71.710,2004.933,195.979
0,5.764,73.354,3.712,1835.946,1312.267,115.495,24.168,259.258,7.095,75.063,2840.935,228.509
0,2.081,58.913,3.437,1878.494,1129.252,142.131,24.534,246.809,489.988,71.431,2010.334,156.263
0,8.725,67.012,2.953,2014.755,971.080,99.758,20.209,297.147,574.786,69.934,2902.509,244.035
0,6.581,29.949,2.903,2019.601,278.107,96.045,19.715,303.819,1021.610,77.977,1604.145,241.318
0,4.764,70.495,4.457,2017.204,980.189,99.675,25.722,292.102,300.260,73.783,2546.352,192.159
0,6.304,58.402,1.044,1948.395,1072.010,126.028,21.345,356.531,221.234,69.345,2436.692,172.970
0,5.593,84.841,2.527,2021.856,881.137,132.654,22.447,255.191,194.050,72.271,3214.535,220.558
0,9.025,55.974,3.319,2075.221,78.914,140.939,24.370,261.487,1013.030,74.274,2044.044,301.766
0,10.118,71.595,3.858,1873.630,981.863,102.429,19.840,244.802,876.828,75.971,1913.049,192.197
0,10.992,38.115,2.144,1924.865,957.378,116.754,21.979,334.333,679.950,67.027,2133.591,111.057
0,10.330,64.570,2.041,1967.038,457.127,131.215,21.845,341.413,812.629,76.002,2573.633,239.241
0,7.017,48.668,3.552,1986.552,818.135,102.615,17.752,256.336,414.213,72.514,2427.727,277.747
0,7.534,37.495,4.272,1876.168,560.961,63.512,26.039,289.494,237.688,76.440,2155.862,188.757
0,7.388,45.460,1.621,2110.566,124.134,191.053,21.590,280.120,4.099,72.680,1461.449,171.989
0,11.892,49.362,3.833,1921.918,1343.601,126.919,21.245,303.843,49.976,70.679,3077.869,208.929
0,9.196,49.130,2.608,2009.034,250.547,79.347,21.874,206.005,550.102,74.371,2018.178,174.350
0,9.454,38.754,3.465,2009.797,1061.408,71.421,22.012,345.953,463.412,69.163,3051.041,159.959
0,1.450,54.989,2.149,1978.553,905.115,144.160,21.016,313.023,355.291,69.561,3277.661,175.902
0,4.402,48.959,3.953,1931.688,348.355,108.404,22.952,208.042,97.545,71.808,3725.191,134.393
0,4.513,46.775,3.566,2207.773,696.149,94.188,23.563,291.804,384.629,68.784,2596.685,402.164
0,7.207,41.388,3.108,1988.302,177.034,52.074,16.977,292.073,793.834,75.103,2371.373,172.996
0,9.593,35.882,3.992,1881.616,663.333,123.506,28.325,220.226,363.128,71.815,2323.712,314.699
0,9.312,71.488,2.319,1825.952,901.708,112.556,20.436,278.429,495.483,72.326,2401.522,128.472
0,0.240,69.153,2.403,2018.959,9.986,59.175,22.501,318.192,108.448,69.116,2363.295,222.307
0,7.860,72.129,2.684,1996.672,1071.210,100.701,23.149,288.758,358.351,69.842,2446.569,154.440
0,7.364,69.172,2.335,2020.976,1013.514,109.505,24.331,266.259,719.870,68.167,3773.152,264.836
0,10.370,76.170,5.111,1961.396,1074.131,112.326,27.708,266.744,695.846,71.527,2381.190,280.532
0,6.708,49.243,4.178,1932.755,723.783,108.045,19.475,227.656,82.217,78.143,3307.244,202.928
0,9.903,45.319,3.649,2008.269,962.278,119.510,18.218,303.840,12.040,73.390,2684.313,207.346
0,3.709,78.380,3.490,1986.340,1257.779,93.749,24.593,338.101,76.683,76.179,2605.950,261.819
0,6.583,50.052,3.615,1868.413,800.349,149.275,21.775,282.266,89.074,74.170,2543.237,156.385
0,4.378,84.133,2.920,1910.931,556.789,136.629,21.593,323.796,339.273,68.188,2331.692,189.329
0,9.453,52.392,3.108,1879.001,1106.826,157.076,17.089,305.659,1227.243,72.625,1529.604,208.945
0,14.051,74.469,3.153,2019.552,1063.743,146.036,23.696,295.732,822.312,70.649,2700.665,194.239
0,6.588,34.408,3.785,2080.436,818.585,147.909,23.094,270.143,764.949,74.791,2368.103,149.085
0,5.681,70.745,3.661,2125.206,856.380,120.193,21.547,224.657,270.458,69.703,2953.367,132.057
0,7.191,92.042,4.137,1944.518,589.647,102.349,19.581,247.745,371.248,80.075,2588.981,346.276
0,5.868,59.620,3.973,2007.869,691.389,120.681,24.083,263.130,298.924,71.680,2192.765,162.883
0,6.232,77.140,2.967,2038.728,1104.754,137.296,20.399,237.001,430.108,69.252,1706.261,383.663
0,7.568,57.061,4.379,1899.029,329.386,79.833,20.063,308.077,34.548,74.519,1994.675,237.571
0,1.735,67.487,1.660,1959.597,149.662,118.185,19.331,253.305,987.202,78.868,2355.725,171.810
0,5.537,66.849,2.218,2076.523,177.233,76.947,21.038,307.301,712.637,73.983,2114.773,189.484
0,5.136,42.323,2.167,2021.811,315.232,95.642,19.431,258.370,131.982,73.354,2494.214,284.184
0,4.004,35.281,3.289,2061.014,374.155,121.066,20.982,307.841,197.639,75.619,2454.202,252.989
0,4.296,40.238,2.928,2012.550,627.091,97.740,23.962,280.527,237.361,74.066,2170.832,223.856
0,7.007,66.547,2.791,2135.799,1361.961,122.466,22.532,250.112,949.474,67.455,1849.917,326.668
0,5.455,32.776,1.821,2045.558,525.759,121.755,22.536,220.152,877.923,71.557,2078.194,229.183
0,7.175,49.161,2.848,1963.866,1079.952,138.874,22.834,294.494,56.140,68.702,2655.461,236.309
0,4.930,38.286,1.746,1885.724,686.270,106.705,20.576,263.363,182.226,77.095,2364.797,256.283
0,8.965,66.720,3.402,1925.464,577.621,132.388,23.374,282.145,601.842,72.622,2014.636,176.308
0,2.272,45.714,2.757,1986.131,668.459,103.176,21.628,299.046,852.600,76.214,2945.922,243.826
0,4.488,45.560,2.967,1987.188,418.878,123.349,19.106,305.713,563.975,71.769,2456.395,220.194
0,4.607,66.669,3.954,2056.299,1428.382,45.122,24.830,319.150,558.300,69.016,2574.676,224.098
0,6.698,64.798,2.971,2060.756,387.027,45.863,21.344,305.480,370.045,77.362,2471.323,257.496
0,0.311,70.157,2.271,1862.432,1428.870,125.557,24.024,317.572,293.085,81.595,2419.521,220.482
0,5.356,40.234,3.097,1938.963,370.005,173.254,23.277,253.482,254.109,74.075,1847.810,323.877
0,6.847,39.271,3.325,1884.474,517.797,106.075,20.410,297.453,730.290,74.692,2012.973,247.845
0,4.646,74.899,1.964,1941.756,976.003,97.068,19.748,242.523,379.680,71.368,2437.943,190.126
0,11.375,51.237,3.541,1917.656,1588.677,89.878,21.110,322.009,246.471,75.149,2569.267,204.153
0,5.507,98.203,0.790,2054.124,876.795,116.889,23.565,353.562,643.648,70.080,2424.149,247.193
0,2.512,50.303,3.652,2145.260,645.815,125.160,23.551,295.101,548.839,76.992,2267.570,165.332
0,4.806,67.243,2.996,2000.021,963.515,128.413,22.413,293.696,252.552,70.942,2140.663,243.755
0,7.151,48.316,2.763,1910.853,829.656,122.112,21.178,295.271,430.682,70.577,2203.581,276.540
0,10.129,50.260,4.874,1974.918,23.615,80.793,20.622,365.185,352.821,75.219,1954.964,293.257
0,8.425,40.734,2.701,1939.307,956.972,100.211,17.219,279.944,360.511,75.147,2086.332,239.472
0,11.503,54.591,2.544,1949.423,366.754,71.169,23.554,218.561,793.019,73.018,2166.322,208.483
0,3.194,70.183,2.517,1954.982,710.407,89.692,22.149,313.566,759.418,74.322,2558.875,183.178
0,4.571,78.547,3.268,2107.549,712.149,60.994,27.312,268.485,121.566,81.053,3460.438,340.017
0,4.036,60.330,1.917,2109.442,691.302,116.607,21.612,341.790,372.705,72.680,2085.866,265.171
0,6.575,35.080,2.721,2006.431,1135.886,76.139,23.594,262.064,873.238,73.161,2365.114,162.584
0,7.422,60.049,3.360,2014.304,783.018,58.055,20.774,257.148,581.856,75.482,2628.156,213.520
0,7.557,58.733,1.493,1997.213,1010.785,107.549,17.301,322.532,165.345,72.776,2144.892,160.115
0,2.271,60.831,2.930,2053.985,911.058,126.726,24.254,285.811,767.382,70.145,1767.313,257.066
0,5.167,47.265,2.015,2028.596,634.827,115.035,23.704,293.849,245.591,80.254,1486.095,185.830
0,8.489,57.849,3.639,2062.014,945.030,122.282,21.555,223.267,1019.442,70.855,1673.355,163.433
0,12.045,62.206,2.830,1944.097,1114.870,124.874,22.133,349.371,873.531,71.568,1687.631,179.212
0,5.386,39.489,3.922,1832.561,817.332,137.516,20.387,239.662,598.134,73.733,2798.797,295.420
0,1.148,65.945,3.026,2114.435,490.402,81.636,20.172,294.821,553.811,73.669,2450.492,284.103
0,6.782,43.338,2.777,2021.528,871.946,107.030,20.388,295.535,318.878,72.205,2498.545,216.639
0,0.390,51.570,2.315,2005.152,905.474,81.793,25.180,265.652,219.876,74.926,2053.647,239.281
0,5.511,67.615,4.534,1965.867,429.353,128.402,23.947,269.227,1013.405,69.924,1768.488,206.352
0,5.903,72.575,3.779,1868.701,1152.987,141.175,18.262,283.304,1169.881,73.961,2332.533,205.454
0,4.247,28.757,2.366,1930.957,657.917,97.976,22.140,294.866,750.424,69.582,2326.616,154.710
0,10.873,32.195,2.678,1914.079,345.193,122.105,16.995,368.652,541.109,76.507,2521.114,201.244
0,5.665,88.072,2.998,2097.742,1107.895,128.598,24.660,262.616,405.607,74.569,2049.321,173.457
0,2.710,71.027,2.772,2033.820,1249.344,103.988,24.673,323.305,240.801,78.762,2438.220,170.771
0,6.535,36.682,1.030,1923.812,274.911,126.758,27.099,278.710,657.026,73.131,2687.111,126.716
0,9.338,53.457,2.387,1968.953,1190.020,115.237,24.487,298.129,416.220,72.342,2846.750,141.978
0,6.894,86.012,4.114,2012.150,931.987,88.336,18.531,266.890,71.282,74.455,3003.753,250.262
0,4.410,75.628,3.618,2037.624,1109.158,133.500,21.573,346.824,560.433,77.508,2607.259,230.789
0,9.626,37.351,2.275,1999.852,788.456,136.710,20.200,367.549,951.144,72.321,2427.976,356.926
0,7.208,35.769,3.442,1839.865,935.512,99.080,20.716,330.372,556.153,76.632,3791.073,284.853
0,5.117,34.782,3.584,1982.601,507.657,73.403,25.601,289.542,347.839,76.099,2938.123,195.370
0,4.549,75.115,2.692,1899.869,742.681,100.338,19.869,358.271,394.166,73.068,2752.012,147.490
0,3.687,44.369,2.011,2094.770,1057.597,168.912,21.558,396.898,447.184,72.694,1548.023,181.404
0,4.271,82.724,2.213,2107.861,343.054,74.387,23.076,277.081,105.478,71.330,2667.109,178.787
0,9.349,37.288,2.365,1934.309,579.948,97.491,26.820,229.941,74.538,75.310,2796.458,224.774
0,4.627,52.418,2.711,1936.439,473.973,122.599,24.366,315.859,588.602,79.337,1960.883,268.671
0,3.717,54.606,4.422,1945.324,636.831,127.661,20.528,249.292,646.632,78.259,2934.866,197.558
0,4.904,49.899,2.990,1947.952,240.143,110.615,21.031,342.168,0.604,72.146,1680.971,278.195
0,5.774,65.523,3.060,2016.645,897.974,121.201,23.460,243.703,352.106,76.796,2742.300,249.371
0,9.419,52.512,2.103,1905.643,1459.571,105.918,23.682,238.120,495.675,74.128,1809.993,190.264
0,10.322,53.604,3.037,1816.108,1098.634,143.188,25.878,295.979,375.591,72.814,2947.477,196.915
0,5.871,73.181,3.465,2015.267,1152.902,79.995,19.919,277.076,458.556,73.556,2430.170,231.078
0,5.783,36.911,2.152,1938.282,1065.626,148.104,19.093,234.857,865.629,72.299,3848.437,143.124
0,6.969,61.290,1.584,2050.583,486.636,136.188,23.184,234.020,1040.467,70.707,2510.793,132.378
0,7.482,36.006,1.827,1987.595,428.025,85.768,22.731,321.461,697.774,75.692,1928.083,212.112
0,3.112,28.662,3.154,1947.072,822.605,100.047,23.418,381.858,698.789,78.854,3018.453,154.109
0,5.477,64.214,2.837,2019.419,943.715,124.302,18.841,233.469,463.601,69.283,2890.616,188.506
0,11.471,35.005,3.612,1884.372,1027.009,167.447,20.054,289.304,420.236,74.409,2314.417,301.764
0,6.653,39.235,3.476,1866.531,955.867,95.846,19.446,341.182,411.957,72.298,2741.673,331.199
0,8.147,38.152,1.441,1984.144,1086.493,107.938,21.293,299.925,533.792,74.566,2409.335,255.594
0,9.993,92.963,2.348,1929.677,422.525,104.738,23.645,305.799,554.507,76.436,3238.218,273.174
0,6.999,58.986,1.939,2013.245,165.366,134.860,23.284,280.125,342.661,74.405,2156.667,222.299
0,5.871,47.875,3.013,1968.861,1223.047,118.502,21.540,351.658,281.348,70.674,2245.826,217.481
0,4.215,55.767,3.460,1902.153,1057.215,109.838,20.445,218.611,14.374,66.421,2528.079,138.142
0,1.492,42.239,2.585,1967.019,367.090,119.768,19.122,253.584,62.345,73.758,2861.174,202.293
0,9.501,57.557,4.376,1981.010,567.518,43.133,21.055,247.318,466.676,67.495,2713.532,173.352
0,7.000,56.727,3.912,2040.894,743.525,94.770,21.637,251.218,866.198,72.923,2939.621,153.996
0,11.137,37.407,4.040,2078.510,946.559,121.382,20.543,354.235,309.790,69.068,2437.505,188.266
0,11.832,71.819,2.142,1927.768,671.632,91.431,22.831,343.958,225.524,65.794,3342.802,305.706
0,6.359,57.695,3.007,1810.471,1033.785,148.850,18.804,266.282,721.960,74.145,2836.912,254.566
0,7.079,78.179,2.708,1984.505,1071.270,125.968,18.148,351.025,305.235,73.181,2044.517,239.569
0,8.905,78.994,2.929,1786.036,932.146,103.352,25.282,274.486,111.649,71.425,2811.330,140.571
0,13.246,77.464,3.800,1913.273,840.320,104.017,23.647,279.796,288.020,68.949,2177.065,261.154
0,8.114,49.064,3.585,2112.330,1271.239,119.336,21.793,323.487,644.567,70.871,1446.958,196.771
0,9.138,52.364,2.344,1889.335,420.577,104.426,24.290,289.809,192.686,69.091,2475.627,230.567
0,3.906,50.742,4.707,1938.950,1014.173,35.621,24.830,328.865,379.246,74.446,3063.025,164.548
0,9.476,80.469,2.032,1953.103,191.199,135.607,19.781,295.853,619.912,76.186,3232.139,186.784
0,7.522,61.522,3.008,1990.095,687.816,110.226,23.724,331.996,410.551,71.307,2428.102,300.985
0,12.288,73.045,2.696,1959.780,26.827,132.032,19.869,349.726,527.229,74.659,2188.744,414.591
0,7.500,36.039,3.552,1920.695,861.960,146.451,23.042,386.068,623.508,75.231,2465.021,236.157
0,4.004,59.796,3.020,1899.218,1025.932,125.985,21.458,279.017,160.421,73.399,2603.889,299.198
0,8.320,56.791,1.545,1967.176,533.066,80.370,21.322,346.756,82.184,72.137,2083.802,267.298
0,3.911,40.356,3.126,1995.685,1360.034,103.296,21.847,277.368,500.314,72.456,2186.140,183.668
0,0.145,54.139,2.510,1912.215,1056.096,87.199,21.883,252.331,781.355,71.555,2029.148,206.429
0,2.512,75.348,4.414,1901.586,1000.289,98.244,24.481,288.402,399.870,81.203,2371.299,251.359
0,13.732,64.510,4.802,1953.710,1038.509,119.000,25.188,277.546,463.401,74.457,2326.855,234.431
0,6.378,46.077,2.367,1926.597,932.804,86.778,24.810,272.239,267.141,74.869,2883.636,271.914
0,7.962,63.665,2.689,2059.843,538.737,137.119,25.402,263.387,1004.066,68.062,2643.226,294.422
0,5.076,70.980,2.052,2161.565,1012.659,145.168,24.604,274.894,837.480,81.175,2011.623,176.818
0,10.751,74.094,3.591,1963.786,882.535,103.210,20.086,260.528,525.296,69.342,2997.227,148.772
0,6.854,45.454,2.423,2142.066,1023.453,94.895,22.054,277.988,865.085,78.140,2964.006,211.530
0,5.802,73.541,1.535,2182.752,400.856,118.767,24.169,326.049,556.740,78.474,1773.570,285.111
0,4.229,33.939,1.742,1912.794,607.256,96.372,22.639,250.095,507.940,72.819,2391.969,143.265
0,5.178,47.358,3.516,1937.658,363.127,89.316,23.086,246.305,128.696,65.980,2723.856,247.965
0,6.625,43.354,2.928,2006.130,950.619,154.669,24.181,295.137,710.118,69.215,1337.748,142.512
0,7.088,83.184,2.179,2045.564,616.083,86.483,19.370,269.526,278.421,74.537,2744.649,260.967
0,8.924,72.954,4.923,2071.260,408.295,100.334,20.478,318.393,691.281,71.729,2528.068,159.365
0,6.851,45.148,2.066,2044.375,435.556,158.562,20.626,270.275,641.592,74.557,1325.302,151.682
0,7.589,43.996,4.309,2060.640,496.266,131.401,17.897,340.289,929.019,79.864,2228.349,168.444
0,1.971,67.057,1.720,2056.616,1546.291,126.110,21.951,270.407,633.391,71.338,2811.006,200.116
0,12.012,20.572,4.371,1976.344,364.794,79.245,23.467,270.300,775.306,76.271,2259.101,178.018
0,8.120,56.569,3.354,1854.266,340.828,98.703,23.074,286.332,449.013,74.554,2951.501,247.521
0,6.389,76.674,3.323,2124.342,1199.223,112.123,23.955,310.534,884.275,73.831,2079.363,180.498
0,9.231,55.859,1.687,2045.625,1440.040,99.188,20.676,245.700,238.902,73.719,2268.514,183.680
0,7.181,30.883,5.592,2121.579,923.668,121.713,21.809,289.772,134.350,74.192,2203.675,290.173
0,4.164,62.966,2.657,1950.144,1128.328,81.867,18.227,224.293,762.677,72.512,2403.004,279.909
0,6.977,69.071,3.550,1890.480,833.762,120.884,24.214,255.022,543.907,73.769,2249.949,208.169
0,6.423,62.679,3.189,1858.283,995.333,146.526,22.774,334.741,193.219,74.370,2429.688,240.322
0,5.602,74.403,3.706,1951.457,887.955,59.875,25.445,203.985,373.007,79.109,3054.884,220.186
0,4.135,47.408,4.447,1975.493,715.955,144.364,18.444,380.453,928.454,67.451,2413.837,301.309
0,8.281,46.080,2.820,1969.824,834.661,112.218,22.345,199.654,633.756,74.498,2513.213,214.136
0,8.674,66.167,2.862,1976.800,315.665,130.478,20.762,187.562,582.954,69.572,1850.787,170.884
0,8.772,72.417,3.331,1996.346,497.281,123.962,21.932,239.229,268.884,71.221,2492.548,111.074
0,3.641,65.326,3.771,1966.429,861.820,108.354,18.629,337.605,460.772,71.449,2278.278,222.606
0,8.566,85.987,1.980,2100.087,1019.877,141.603,20.182,323.306,818.275,74.257,2304.314,215.066
0,6.911,43.908,3.371,1987.385,322.029,104.937,20.032,301.077,453.919,71.820,1946.219,86.570
0,2.438,53.972,4.543,1968.722,137.286,143.458,23.030,294.891,564.054,77.888,3267.970,227.387
0,7.194,54.673,2.581,1833.199,611.200,144.739,21.785,262.123,43.705,74.770,2868.761,193.335
0,9.392,46.008,3.759,2172.247,97.236,112.402,25.606,281.468,391.677,72.838,2599.780,237.007
0,7.110,60.196,2.869,1977.688,149.382,95.931,26.897,251.077,188.700,75.659,2504.364,158.652
0,1.694,69.251,2.473,1968.192,861.743,119.231,22.483,270.084,639.550,68.880,2661.097,215.557
0,7.438,47.627,2.404,2021.893,800.133,115.274,21.114,304.761,742.738,68.951,2981.845,190.347
0,6.385,61.434,2.630,1967.018,282.402,121.412,19.684,222.357,118.305,75.096,2299.370,159.208
0,8.831,55.305,4.112,2042.568,125.934,76.343,24.146,328.915,737.653,71.714,1712.832,199.084
0,5.722,71.173,3.027,1959.011,916.442,17.740,21.966,279.519,508.912,74.279,3165.166,245.687
0,7.181,50.348,2.906,2013.083,989.044,108.013,22.371,258.992,32.863,71.146,3654.434,298.093
0,3.021,56.973,2.036,2122.541,1019.641,126.563,19.439,280.835,520.045,76.007,1388.849,144.279
0,2.979,59.874,4.642,1896.194,581.094,155.314,24.629,309.776,520.511,70.266,3660.450,183.274
0,6.307,28.238,3.900,1886.313,450.711,82.299,24.411,263.736,330.388,76.691,2864.342,190.272
0,4.409,53.896,2.344,2096.713,352.789,88.118,24.747,282.366,138.866,79.161,1036.857,191.864
0,10.199,60.632,3.135,1982.011,814.623,91.494,22.912,268.504,805.136,73.097,2186.781,199.312
0,2.841,76.390,2.895,2192.298,898.659,127.049,24.493,328.175,260.900,74.386,1822.736,249.479
0,9.292,29.746,1.874,1980.267,1194.444,129.261,21.522,301.127,165.777,70.518,2779.925,239.273
0,13.654,65.153,2.992,1972.176,1095.357,90.597,19.471,241.751,523.269,78.937,2974.470,187.853
0,7.044,55.662,1.799,2012.652,597.621,57.950,25.390,350.571,696.921,71.142,2816.041,227.924
0,4.804,79.932,2.419,1926.531,1064.105,98.407,24.902,271.126,87.685,77.749,1874.105,241.149
0,8.263,47.561,2.448,1966.734,431.353,146.832,23.084,298.971,218.383,79.697,2590.494,200.006
0,12.279,53.715,2.192,1935.162,1016.976,95.569,26.293,302.225,337.501,71.761,1071.124,210.661
0,2.868,55.480,3.524,1972.054,677.704,95.764,26.544,252.054,112.460,76.540,2229.631,225.957
0,6.703,48.331,1.145,1883.369,850.126,151.023,19.685,254.344,757.361,76.821,2301.124,255.347
0,10.047,46.843,1.704,1981.385,948.476,101.389,17.598,254.051,798.629,73.834,2099.730,134.477
0,7.407,62.806,2.794,2018.902,820.586,78.600,20.559,316.695,821.833,77.249,2753.360,147.566
0,2.095,61.380,4.110,1916.228,950.434,132.157,23.911,273.775,266.492,71.956,2060.986,302.894
0,10.300,78.443,2.821,1977.908,1281.233,64.019,23.645,329.299,314.038,73.833,3548.055,277.118
0,6.211,69.937,2.450,1854.895,709.431,100.472,20.710,290.397,219.574,79.146,3123.203,249.034
0,0.939,78.429,2.532,1999.045,1074.655,119.121,20.911,311.590,583.860,70.399,2127.901,156.575
0,2.788,11.740,4.434,2061.919,328.877,81.071,23.213,244.874,934.780,76.238,2995.953,178.066
0,9.059,31.674,3.678,2005.413,414.375,131.173,24.666,260.706,485.516,70.838,2482.711,283.368
0,5.577,56.840,3.406,2030.610,497.544,134.871,23.262,264.708,811.258,76.100,2868.713,220.646
0,5.301,51.274,2.483,1949.480,610.664,99.791,22.071,364.341,696.887,73.498,3052.430,313.982
0,4.848,56.693,2.174,1977.303,495.742,133.222,23.276,277.645,239.456,69.420,2971.014,279.282
0,4.186,31.218,5.425,2003.272,524.810,138.292,20.794,370.824,267.576,68.492,1837.317,226.136
0,7.016,67.449,3.865,1964.924,369.449,138.699,21.910,276.394,176.460,74.018,1630.318,307.352
0,6.968,62.228,2.980,1993.895,71.617,85.210,19.985,256.480,856.912,72.024,3005.031,161.526
0,11.361,50.032,3.183,1953.009,1409.794,63.548,24.861,225.515,633.152,73.552,2324.703,235.952
0,3.711,53.112,2.286,1905.904,859.607,77.060,22.001,249.849,500.768,76.021,2306.283,355.759
0,8.369,36.771,2.463,1825.270,701.758,134.328,22.855,338.559,325.481,76.537,1529.829,313.745
0,4.770,61.964,2.016,2035.719,310.248,109.903,22.893,196.324,730.916,73.514,2325.044,178.511
0,9.556,58.099,1.820,1980.606,845.086,122.860,27.519,318.390,402.447,70.617,2784.289,186.946
0,6.630,50.364,2.105,1840.636,750.628,138.654,20.177,272.645,951.623,78.873,2462.883,278.850
0,7.956,53.924,2.360,1958.082,601.979,79.953,20.677,276.198,673.155,74.555,2604.616,140.502
0,7.716,59.337,4.033,1926.383,137.060,114.452,23.459,276.252,322.060,69.729,2011.575,188.758
0,3.254,35.514,2.147,2005.392,403.345,128.092,22.226,264.721,139.831,66.053,2476.577,260.040
0,5.189,67.453,3.203,1911.932,955.176,77.952,20.969,310.727,330.922,77.106,1811.607,291.531
0,2.512,56.271,2.903,2013.101,784.799,114.294,21.950,213.655,252.958,76.810,3031.734,277.280
0,4.650,63.957,2.385,2129.060,589.783,70.761,14.255,302.044,676.051,76.472,2529.945,92.307
0,3.175,39.659,3.083,1995.465,723.598,118.769,26.744,266.069,168.177,74.231,2370.338,145.769
0,8.719,43.306,2.615,1958.899,652.472,109.272,21.347,223.954,503.090,76.371,1758.176,189.233
0,7.581,54.735,2.041,2037.972,636.830,135.866,19.715,305.538,734.735,72.990,2820.328,247.967
0,12.724,68.647,3.627,1991.092,652.402,130.854,20.732,234.501,353.471,73.390,2748.078,132.911
0,4.962,55.261,2.557,1899.214,1029.040,94.657,17.232,259.488,303.472,72.461,2312.890,180.329
0,2.981,49.516,3.224,1943.345,1162.576,88.730,25.276,338.595,388.991,76.439,3056.993,105.205
0,7.625,54.839,3.148,2048.120,731.868,110.262,22.322,248.520,330.953,70.362,2693.624,249.255
0,8.040,52.231,3.300,2077.824,703.271,114.100,20.701,312.981,1086.560,70.326,2419.732,215.939
0,11.822,58.825,2.366,2062.165,734.764,96.137,26.542,301.628,533.727,74.872,2010.603,203.851
0,9.675,60.163,2.188,1975.421,31.535,98.215,24.654,312.742,518.123,74.782,2004.836,342.978
0,9.397,25.683,4.643,1945.845,454.766,84.667,26.301,288.021,265.345,79.096,2590.898,188.892
0,7.502,71.570,4.475,1982.378,1152.883,102.653,20.070,257.782,814.741,78.629,2748.406,220.730
0,7.775,61.421,1.595,1895.084,539.966,151.844,21.630,311.757,760.993,69.384,2770.623,97.402
0,6.438,43.616,3.800,1960.113,951.319,80.523,22.013,358.323,100.178,72.478,2171.802,209.508
0,7.401,66.919,4.107,1989.461,678.579,98.431,20.888,294.194,444.499,71.950,1944.713,263.523
0,6.526,42.254,1.498,1885.577,484.935,104.334,21.904,251.560,799.130,72.803,2748.941,177.733
0,7.653,41.003,3.266,2031.436,1100.052,72.982,18.702,222.346,44.380,71.386,2582.968,191.693
0,8.560,58.272,3.573,1992.345,724.109,129.947,22.014,304.941,914.471,74.612,2657.575,164.448
0,8.183,53.264,2.931,2184.493,933.368,117.802,23.794,255.020,493.909,72.269,2617.869,191.080
0,1.262,46.254,3.740,2021.454,806.090,70.507,25.003,278.597,616.530,75.683,1143.210,169.460
0,5.364,54.581,3.113,2020.310,383.007,129.579,20.799,306.088,777.963,69.864,2160.778,290.986
0,5.991,48.636,3.308,1931.882,1110.897,62.621,25.334,294.211,362.407,76.494,2787.386,136.548
0,6.184,35.816,1.713,2025.825,969.324,121.922,21.347,270.083,682.209,71.010,1891.008,268.039
0,5.113,67.064,2.202,1905.172,828.691,67.342,19.525,173.485,269.230,71.841,2761.667,206.436
0,7.035,69.356,4.123,2122.848,554.001,127.542,24.581,299.961,823.371,75.964,2291.408,106.717
0,9.512,58.196,2.223,1929.585,444.184,123.687,20.520,292.679,469.437,71.091,1908.204,216.479
0,7.065,70.093,2.177,2104.055,925.332,92.618,15.696,298.930,1067.898,69.409,2825.427,218.946
0,3.304,47.488,2.995,1784.482,975.847,81.442,19.710,317.817,245.606,74.817,3427.325,215.742
0,6.721,62.013,3.311,1975.618,309.292,123.900,24.001,361.266,831.256,66.221,2168.303,135.267
0,6.337,59.230,3.359,2051.446,558.907,51.821,24.179,313.046,718.327,70.280,2069.062,174.141
0,3.112,45.097,4.526,2145.150,220.515,104.655,26.258,238.599,126.865,74.149,2607.261,205.832
0,5.042,63.795,1.483,1924.205,1228.224,96.563,19.803,276.318,677.951,76.176,2362.419,220.624
0,5.983,57.628,1.198,2021.636,1007.448,143.278,24.526,336.247,752.252,70.060,2474.420,197.826
0,11.705,32.148,2.687,1831.560,40.383,130.895,25.572,188.919,1151.117,72.077,3140.297,145.870
0,6.485,39.334,2.829,1983.146,950.680,61.074,22.923,278.850,955.745,69.749,2851.632,290.577
0,7.749,57.920,3.561,1977.213,406.477,84.946,23.076,246.970,510.817,69.784,3142.987,203.498
0,6.485,62.221,3.553,1884.779,392.870,124.744,18.727,263.060,319.201,72.280,3628.877,165.403
0,10.188,57.615,3.391,2023.786,723.921,136.901,21.650,327.403,726.628,72.509,2305.241,199.562
0,9.096,55.158,2.225,2049.934,639.457,109.439,20.175,320.158,215.473,69.467,2085.901,224.547
0,9.390,40.251,4.527,2010.427,888.192,93.032,24.447,287.533,274.459,75.340,2548.881,257.496
0,11.565,69.517,2.890,1980.302,587.823,130.165,25.238,246.067,212.518,76.452,2421.755,137.078
0,6.656,62.396,2.144,1807.596,361.022,176.919,22.960,275.342,122.479,73.545,2711.670,239.186
0,5.058,36.077,1.563,1984.396,1066.200,132.986,18.480,323.264,318.166,72.072,1637.086,260.051
0,6.033,66.066,2.994,1951.133,710.362,91.573,26.520,245.483,726.315,75.512,2674.799,240.802
0,2.897,65.100,2.335,1984.315,316.979,56.637,26.372,274.873,312.585,71.703,2122.102,195.298
0,8.358,66.357,3.163,2002.151,1115.354,113.386,20.553,328.969,578.486,72.566,2696.812,247.897
0,2.237,50.400,3.502,2074.527,431.024,110.420,23.882,248.808,699.725,73.087,3141.616,210.636
0,10.068,39.141,1.191,1965.696,785.238,99.187,22.155,305.374,976.489,76.986,2099.214,157.832
0,4.894,42.220,2.124,1970.726,546.816,167.745,20.326,274.434,351.030,74.446,2723.281,256.112
0,5.524,23.143,1.883,1905.942,730.831,117.730,23.805,288.606,377.546,68.606,2773.604,267.865
0,1.566,40.472,2.871,1984.839,923.084,117.290,20.555,233.418,1120.685,70.778,2347.010,108.342
0,8.606,39.453,4.748,1951.479,891.785,107.490,24.371,351.935,147.418,76.699,2707.412,303.756
0,8.099,34.658,1.458,1992.626,787.054,115.168,22.463,314.813,76.740,75.455,2715.674,317.257
0,5.982,57.533,3.605,2055.243,956.247,48.911,23.470,295.901,556.456,79.583,2622.991,234.300
0,10.239,77.278,2.696,1970.831,890.890,150.573,19.358,300.063,498.079,70.846,2539.447,200.336
0,8.570,51.240,2.748,1888.349,291.247,135.138,20.797,316.766,461.151,69.406,2348.286,90.509
0,6.864,72.017,4.275,1894.104,893.566,84.498,20.220,220.414,515.700,76.661,2576.012,214.105
0,7.130,67.566,2.909,2150.793,885.817,89.431,22.660,285.955,605.800,69.476,2696.469,267.321
0,7.358,49.361,2.661,1948.879,719.247,97.875,21.376,273.889,976.778,77.171,2414.507,162.998
0,7.377,64.462,3.325,2011.506,1201.383,101.011,19.426,301.276,262.313,75.337,1865.689,154.819
0,10.796,70.769,2.872,2021.755,674.199,109.247,21.133,283.557,534.460,77.826,1823.257,202.326
0,9.718,52.698,2.097,2013.209,429.919,62.743,23.961,248.849,322.221,71.759,2167.533,250.822
0,5.940,78.848,2.544,2062.918,718.493,119.924,21.044,237.911,223.049,76.399,2300.778,242.417
0,2.184,56.140,3.282,2015.705,695.741,122.273,20.646,364.873,904.623,66.522,2363.621,213.676
0,5.140,39.041,2.987,1906.384,41.026,123.701,23.290,273.857,39.819,72.124,2038.470,212.308
0,7.160,65.951,3.170,2048.586,1210.607,122.711,21.442,263.984,681.714,75.820,2896.345,256.737
0,2.216,60.922,2.376,1918.698,623.439,130.594,21.537,276.464,161.962,72.491,2790.299,257.147
0,7.465,41.246,1.166,2035.604,757.357,103.807,18.637,307.630,663.813,68.785,2563.180,133.379
0,6.117,45.542,2.718,2092.179,21.772,48.087,26.105,289.494,8.460,71.617,2680.194,212.638
0,6.511,54.069,3.049,1937.582,512.597,111.068,22.574,343.768,974.645,69.472,2180.474,163.705
0,8.665,27.019,3.607,1931.764,652.103,103.133,24.476,276.450,810.698,69.622,1950.165,202.786
0,8.779,43.710,2.803,1948.418,798.311,91.219,20.627,254.458,115.760,72.815,3323.639,104.137
0,2.786,70.923,2.488,2015.679,666.767,124.555,24.656,344.992,330.399,70.702,2190.632,244.315
0,10.403,70.170,2.534,1949.063,1013.706,138.337,24.132,275.094,160.513,73.726,3259.581,228.410
0,6.819,63.078,3.273,2033.502,622.502,91.071,21.454,260.825,395.171,78.914,2553.616,223.887
0,5.908,55.948,3.951,1910.632,700.907,152.821,22.333,235.940,143.031,68.830,2434.857,265.837
0,6.777,49.697,2.107,1914.089,963.748,58.711,23.814,278.612,793.403,82.682,1422.976,283.240
0,7.260,53.416,4.621,2017.040,1050.536,114.644,23.745,252.148,701.843,80.019,2170.597,232.531
0,9.699,79.808,2.403,1982.384,956.907,117.014,22.541,267.888,808.690,78.891,1741.147,240.185
0,7.317,33.326,0.463,1925.611,992.760,88.383,22.148,160.256,951.223,76.210,2781.540,127.653
0,5.154,77.356,2.959,1844.281,967.328,67.168,16.049,286.308,385.443,71.130,1957.342,253.519
0,8.466,50.636,1.989,2008.300,866.596,82.559,26.647,274.563,342.540,78.203,2407.873,235.171
0,8.780,64.057,2.737,2010.795,1047.328,130.532,22.316,302.272,347.433,69.039,2730.758,166.101
0,4.447,53.049,4.161,2034.313,561.773,102.180,19.277,286.626,785.987,74.547,2076.460,223.458
0,10.546,26.647,2.710,1963.169,766.471,135.145,24.694,222.276,376.967,73.678,1892.581,269.240
0,4.995,54.334,2.104,1900.222,416.024,120.934,21.293,304.935,28.221,73.449,2765.547,259.916
0,9.328,82.956,3.400,2028.453,1210.226,120.818,24.885,288.397,730.655,76.982,1750.378,128.686
0,9.161,84.311,2.729,2075.899,893.887,134.850,20.164,303.931,271.670,72.623,3003.336,354.958
0,6.651,62.726,3.578,1988.597,948.981,135.707,22.012,221.204,609.351,71.802,3817.269,344.718
0,7.304,52.922,3.667,2019.574,566.802,108.053,24.317,327.219,443.686,80.114,3320.951,219.199
0,3.449,27.273,2.503,1949.509,670.880,113.553,24.283,266.906,926.916,74.194,1938.361,252.151
0,7.583,65.180,4.415,2040.591,409.200,126.291,20.985,227.553,57.256,74.809,2191.285,213.572
0,3.987,57.342,1.067,1964.288,349.327,107.288,19.989,223.449,62.735,73.270,2269.070,226.839
0,14.441,47.713,2.497,2064.644,933.835,106.898,22.272,348.049,950.685,74.887,2694.586,330.729
0,9.542,36.570,4.027,1872.816,1198.866,90.672,23.607,333.341,27.537,74.065,1466.031,166.749
0,5.312,73.294,3.379,1944.606,894.037,113.008,20.088,250.634,589.883,70.191,2370.079,210.296
0,7.799,37.192,2.499,2057.950,334.480,91.281,22.521,266.545,271.233,77.039,3441.765,174.375
0,5.472,59.029,2.077,2032.742,717.819,124.594,25.274,320.232,310.655,74.038,3065.236,172.574
0,3.426,39.654,2.275,2036.670,734.165,93.293,21.158,308.051,530.890,69.339,2465.322,240.131
0,6.749,57.164,4.228,1839.671,316.027,155.778,25.369,359.642,132.448,71.325,2439.031,327.440
0,4.539,63.562,3.027,2095.717,920.763,105.779,20.532,244.477,859.432,72.429,2844.656,196.442
0,11.854,61.239,3.977,1957.161,842.693,97.574,22.130,263.033,184.477,73.668,2935.102,217.210
0,8.356,64.523,2.550,1938.288,943.908,100.610,17.624,312.425,857.492,77.654,1946.710,239.884
0,8.750,47.176,0.552,1934.556,470.619,119.503,23.095,332.123,396.848,73.798,2687.996,166.088
0,6.542,46.238,3.361,2012.879,1128.789,90.226,24.374,259.909,589.665,68.315,2793.784,184.909
0,3.570,64.041,3.564,1861.494,815.994,134.856,23.341,227.333,153.854,79.916,3089.129,343.516
0,7.708,55.619,3.547,1910.839,440.067,117.593,20.937,275.128,937.494,70.881,2501.813,291.453
0,6.905,58.523,3.941,1964.781,443.925,84.338,20.057,262.471,334.701,78.072,2174.615,255.304
0,12.635,37.547,2.386,1980.956,750.904,112.822,22.195,241.219,580.078,70.012,2413.386,108.300
0,5.079,82.750,1.679,1954.634,589.769,156.877,25.917,300.303,738.117,74.292,2273.032,245.630
0,9.424,78.494,3.723,1964.197,579.182,111.675,23.476,277.142,879.802,72.823,1876.136,141.419
0,10.873,76.946,4.132,1986.945,848.427,113.275,21.461,352.469,396.741,71.169,2427.563,334.882
0,4.997,54.514,1.273,1915.643,472.313,93.291,16.704,212.833,335.450,71.839,2478.485,149.808
0,9.583,55.278,2.886,1951.715,918.042,198.953,26.811,286.749,962.346,73.662,1379.569,178.358
0,3.709,49.603,2.241,1920.338,1199.071,78.204,22.817,296.432,599.497,69.848,3225.848,205.079
0,6.371,52.422,3.038,1928.471,1171.231,82.892,20.678,317.270,200.985,71.295,1929.647,300.749
0,5.198,61.436,3.759,2076.602,988.252,109.208,20.255,238.960,106.768,72.088,2919.916,132.867
0,5.315,56.004,3.066,2020.828,924.668,88.688,24.802,292.717,636.837,69.492,1799.493,205.620
0,3.682,82.011,2.827,2003.317,890.888,154.966,24.462,307.797,573.015,71.928,2570.365,232.184
0,7.823,60.371,3.342,1855.990,718.942,139.771,21.213,270.017,549.105,70.261,1996.025,164.099
0,13.379,50.934,5.040,1951.742,632.974,108.572,23.796,234.858,506.040,73.920,2645.790,294.088
0,9.786,56.095,3.639,2056.809,608.028,106.781,22.259,262.400,430.899,75.727,2052.933,301.010
0,8.710,66.635,4.072,2011.658,567.265,88.974,21.377,334.226,263.845,75.310,1837.496,241.987
0,4.720,43.796,3.122,1913.535,647.502,113.982,20.583,248.890,673.034,75.770,2566.678,191.785
0,8.758,54.076,2.931,1937.100,625.677,113.364,19.674,262.812,856.001,71.407,2722.301,130.319
0,3.091,52.261,2.469,1985.103,1466.596,115.222,19.097,266.827,491.457,75.010,3267.826,130.574
0,5.131,35.439,3.867,2002.022,1115.794,124.164,23.594,272.008,94.614,75.215,2236.869,217.344
0,6.105,27.892,1.751,2033.664,292.092,81.017,23.693,269.254,960.917,65.553,1817.645,172.282
0,7.384,69.437,4.073,2000.193,751.442,131.529,22.208,283.433,73.431,77.239,2705.820,223.967
0,6.937,66.339,3.719,1866.653,1001.286,153.428,22.718,288.134,279.017,74.676,3223.607,160.305
0,8.534,70.817,3.376,1990.228,355.690,139.742,20.671,237.096,237.977,74.029,2151.324,236.947
0,8.663,37.933,1.745,2025.551,320.664,91.512,26.596,221.035,184.287,73.862,1901.455,212.192
0,3.930,43.082,3.318,2079.216,516.439,77.330,24.799,223.749,402.944,69.103,1595.680,246.811
0,3.632,43.831,2.216,1917.386,1378.646,111.596,22.430,268.145,130.612,74.220,2082.821,251.244
0,6.251,60.432,2.847,1934.264,625.786,82.703,24.251,300.769,541.151,72.520,2774.433,350.361
0,10.111,80.918,3.502,2038.056,637.640,126.272,21.881,310.700,394.643,75.566,1873.665,210.711
0,6.286,50.709,4.201,2005.525,1065.580,138.137,18.295,378.483,618.410,70.644,1703.063,225.536
0,9.653,62.125,2.717,2002.618,1049.406,109.908,24.091,325.877,298.268,74.602,2564.521,145.763
0,7.069,83.957,3.485,2026.110,778.440,133.388,26.146,304.526,795.669,72.430,2445.125,143.648
0,8.675,15.416,3.122,2011.351,386.740,118.954,23.696,292.359,324.059,76.564,2741.401,168.830
0,6.766,46.974,1.873,2069.446,921.751,149.517,25.269,315.006,126.592,69.175,2029.266,194.208
0,5.481,54.781,3.904,2045.799,744.702,131.321,23.308,303.406,493.562,70.220,1993.460,281.837
0,1.255,63.104,2.393,1928.293,280.723,97.583,17.873,288.044,71.020,75.935,2708.629,314.310
0,4.596,68.464,3.537,1948.410,914.016,41.886,19.701,240.988,399.818,71.691,2583.421,236.510
0,7.615,43.835,3.102,1909.170,931.797,136.953,18.425,268.969,419.948,74.822,2650.580,347.995
0,3.718,48.955,3.174,1980.824,459.047,81.163,21.787,322.372,233.899,73.790,2219.143,200.414
0,4.298,72.556,2.285,2011.585,478.408,148.576,23.764,274.520,428.055,71.675,1975.587,141.172
0,14.033,52.004,4.770,1931.131,516.693,101.364,21.538,301.310,168.377,70.911,2357.740,198.668
0,7.539,52.247,3.501,2037.052,746.021,109.701,22.881,261.351,828.061,73.528,2475.114,205.541
0,5.476,62.186,2.436,1963.974,741.037,33.624,25.259,278.271,792.107,79.879,2414.231,196.717
0,7.818,85.661,2.595,1893.099,819.395,103.703,24.712,264.579,1053.248,73.952,3012.135,235.937
0,7.552,62.042,2.891,2030.510,1024.013,54.317,25.347,319.969,494.514,73.720,3656.158,328.961
0,1.417,62.846,1.422,1861.332,542.142,120.304,22.330,261.397,445.035,75.181,3334.710,202.738
0,5.961,57.383,3.997,2049.203,1030.856,113.839,23.194,344.835,791.400,74.629,2420.066,218.328
0,12.452,44.472,1.922,1994.961,848.980,76.539,21.361,263.655,559.071,68.361,1996.671,250.673
0,9.338,48.015,2.971,2098.475,1046.534,76.239,22.572,230.635,548.215,71.845,2355.323,281.414
0,3.403,63.436,3.459,1893.737,361.713,71.617,26.627,193.880,428.217,76.778,2612.920,116.846
0,2.069,39.099,3.839,1832.488,670.711,128.294,25.857,285.589,680.483,76.447,2751.587,220.702
0,12.502,79.856,3.189,1870.918,1300.474,49.542,25.724,281.112,406.764,72.563,2597.678,275.217
0,9.620,65.152,2.128,1990.496,667.837,80.475,24.998,330.675,402.772,68.976,2511.374,295.458
0,9.545,77.507,2.834,2000.283,1197.213,80.143,26.110,308.697,188.345,69.489,2988.192,336.646
0,9.476,80.810,3.096,2040.230,536.663,168.537,19.417,329.517,1288.692,69.367,1831.362,246.666
0,7.193,17.934,3.150,2018.730,666.071,95.432,19.436,243.659,1013.463,75.547,2418.392,327.004
0,4.112,69.025,2.539,2055.004,765.122,99.557,18.968,371.426,493.405,71.935,3308.336,216.122
0,6.708,41.984,2.254,1918.505,923.223,102.857,21.778,304.153,99.373,76.667,2821.644,189.651
0,4.447,103.989,2.440,1980.132,357.938,130.542,21.177,290.619,119.756,68.901,1577.288,129.038
0,5.897,88.808,2.871,2087.293,257.936,80.430,23.476,205.287,500.888,73.015,2759.753,230.793
0,5.988,24.861,2.409,1926.564,637.885,53.753,18.399,275.890,263.449,77.662,1973.735,304.246
0,2.801,74.783,2.547,1960.650,430.750,125.234,24.458,376.979,881.629,75.323,2535.974,326.752
0,8.586,79.737,2.086,1983.423,714.080,96.886,20.490,274.267,769.384,73.429,2551.267,190.042
0,8.609,43.815,2.784,1990.291,331.405,127.256,20.091,230.228,577.409,74.304,3249.697,176.946
0,7.391,51.709,3.590,2002.624,544.120,86.271,19.898,341.373,906.818,76.172,3139.979,312.170
0,10.081,45.168,3.656,1923.649,559.381,109.220,22.397,306.958,452.025,72.217,2596.398,41.048
0,9.938,46.015,1.941,1973.867,229.112,123.309,22.566,291.028,655.776,69.867,2135.922,246.585
0,7.237,80.029,1.600,1923.566,878.058,80.436,20.837,249.561,334.490,70.647,2027.406,166.111
0,10.782,43.907,2.977,2007.428,399.270,110.099,20.182,236.657,46.652,67.266,2590.636,100.379
0,5.965,53.597,2.875,1981.661,66.627,146.972,28.907,259.141,1063.836,66.265,2680.407,218.449
0,2.710,32.766,1.721,1918.534,1295.275,111.201,24.278,267.762,23.504,71.908,2591.476,266.852
0,1.598,55.495,1.748,2015.680,1034.808,95.113,23.350,285.948,223.251,74.444,1866.393,253.862
0,13.572,60.756,2.654,2125.686,1402.229,167.468,26.167,254.562,366.983,74.776,1942.470,309.477
0,5.537,69.819,2.425,1983.452,1026.234,103.223,18.010,243.580,733.269,71.331,3305.287,200.302
0,7.928,37.327,1.934,2097.111,764.247,103.419,22.880,298.242,711.229,74.071,2751.750,117.300
0,6.605,24.284,2.927,1883.306,1197.281,97.576,22.021,348.134,315.668,69.776,2403.843,127.855
0,6.257,70.039,3.236,2026.604,543.408,129.220,21.513,257.181,11.675,71.454,1894.664,184.492
0,5.537,66.056,3.395,2094.828,650.781,104.186,25.805,311.436,588.052,72.794,2672.165,246.145
0,5.723,63.184,2.648,1907.929,441.695,99.062,22.284,350.431,317.094,75.280,2167.242,143.136
0,10.100,41.406,3.833,1884.079,582.802,70.787,24.875,340.849,1101.433,75.743,2185.718,298.669
0,6.505,59.304,3.291,2037.899,702.612,87.068,20.747,335.026,372.217,72.039,2232.097,206.981
0,10.466,82.525,2.920,2087.647,4.339,76.784,18.552,258.302,68.508,74.062,2475.646,237.850
0,6.517,37.763,4.388,1940.087,781.879,102.062,24.144,287.281,504.032,76.207,2235.570,267.567
0,5.030,47.431,3.298,2047.141,480.394,144.192,22.705,259.199,128.266,73.120,3337.691,153.509
0,8.003,50.362,2.438,1832.020,449.761,89.995,24.096,254.541,466.376,75.891,2456.393,97.027
0,8.131,44.398,5.259,2094.195,393.070,61.441,20.327,227.981,371.518,70.349,2717.004,195.359
0,7.650,33.846,2.897,1868.222,501.498,131.671,23.921,269.278,372.306,77.142,2493.802,274.775
0,0.572,36.629,2.069,2014.798,1083.186,87.842,22.179,250.472,554.583,72.748,2160.577,118.671
0,6.063,80.743,1.513,1994.132,908.616,53.267,21.589,368.773,285.543,71.445,2350.244,225.168
0,8.717,69.800,2.133,2033.685,775.055,192.852,20.008,360.874,692.366,70.054,1950.973,306.093
0,6.640,26.560,2.967,1849.281,1267.641,93.620,27.048,275.989,493.625,70.287,2294.627,202.785
0,0.730,84.015,3.016,2079.295,1122.120,105.589,25.182,268.548,292.979,70.199,2347.135,166.876
0,11.696,64.409,3.886,1945.263,846.764,128.163,24.093,316.791,236.286,74.455,2855.131,221.940
0,1.627,51.830,1.814,2170.342,909.683,89.334,18.825,270.810,95.648,71.934,3047.474,238.096
0,8.145,73.273,1.811,1939.888,871.085,136.164,21.389,273.632,443.959,80.148,2341.433,242.578
0,6.536,56.761,4.364,2097.724,1220.175,97.954,20.624,350.705,348.452,67.539,2191.792,247.373
0,8.648,41.092,2.185,2048.401,564.665,158.535,24.883,302.409,449.090,72.895,1863.515,194.522
0,8.815,52.134,1.368,2088.014,923.421,192.705,23.119,251.998,59.939,77.628,2149.657,33.803
0,5.267,37.951,2.701,1898.263,927.375,78.736,25.574,362.652,218.819,74.237,1991.479,313.193
0,1.280,50.323,5.453,1918.689,1016.975,119.048,23.462,275.342,41.129,82.238,2066.554,278.510
0,3.207,62.668,1.848,2010.572,481.440,111.528,23.124,230.658,412.319,73.347,2739.930,244.251
0,10.905,46.756,3.796,1890.091,745.611,139.652,24.209,338.371,989.033,67.672,2852.311,236.144
0,2.860,89.877,1.874,1925.336,1081.657,97.142,21.631,333.364,702.727,76.103,2749.472,239.844
0,12.679,51.079,3.917,2127.026,1050.932,102.789,18.733,262.874,14.497,77.793,2083.177,303.095
0,5.227,57.255,2.669,2011.438,668.368,93.004,21.977,237.295,227.638,74.415,2600.088,176.592
0,7.149,57.676,4.219,2012.729,678.842,32.019,22.368,226.523,79.518,77.360,1948.117,194.988
0,8.729,28.972,2.799,1856.907,1371.328,101.206,18.296,301.673,601.823,73.935,3221.946,181.279
0,12.179,45.760,2.220,1984.979,1162.303,119.143,27.813,344.336,490.219,75.069,2500.451,228.024
0,10.512,53.236,1.738,1928.771,1495.726,92.468,23.397,350.969,911.205,72.758,2395.104,250.427
0,10.247,65.443,2.567,2008.456,1274.454,79.635,20.423,272.012,41.319,67.972,2437.289,179.858
0,8.754,50.099,4.415,1805.736,1147.089,166.610,18.499,313.193,746.936,70.509,3321.766,187.623
0,7.260,57.095,2.504,2020.947,933.322,106.797,23.186,266.090,201.812,78.400,2799.673,350.672
0,5.365,72.401,2.587,1863.398,691.776,105.714,23.982,312.549,373.717,78.926,2729.521,272.581
0,3.516,28.382,2.581,1978.198,982.325,164.568,22.932,234.478,790.488,76.069,3113.392,262.239
0,4.591,50.329,2.699,2039.344,2.437,116.366,24.922,223.058,697.412,71.979,2657.645,187.869
0,5.852,84.669,3.364,1998.414,883.637,147.122,17.775,272.900,430.808,78.598,1673.600,196.188
0,12.433,63.230,2.895,1931.338,597.640,138.955,23.914,237.614,354.396,71.253,2178.675,220.374
0,5.545,54.604,2.752,1932.046,11.313,122.389,18.519,327.517,384.207,70.917,3636.893,89.826
0,4.908,48.036,3.509,2036.979,653.611,165.686,23.170,301.732,127.348,71.813,2423.280,210.333
0,5.333,44.181,3.790,1962.765,673.264,73.781,18.801,351.088,412.504,77.181,2572.156,271.263
0,8.916,53.477,4.148,2025.522,132.550,75.434,22.147,278.507,343.627,69.700,2504.330,197.121
0,6.077,49.456,3.546,1838.749,966.414,57.885,23.910,250.184,11.295,71.904,2939.509,306.876
0,6.703,54.588,3.482,1972.320,1144.216,133.821,23.060,323.411,1.668,69.668,1676.226,165.885
0,14.376,46.453,3.916,1830.332,471.507,133.312,19.919,210.000,241.219,73.520,2826.723,304.184
0,5.288,33.851,1.522,1995.531,69.217,108.479,23.608,300.303,696.581,71.218,2435.073,180.225
0,3.035,31.797,2.754,1907.953,1037.445,71.664,22.569,244.023,204.666,70.634,1994.178,181.140
0,8.103,62.698,3.370,1985.690,1490.469,76.257,20.625,343.507,197.238,73.284,2044.379,197.296
0,12.354,55.617,1.685,1849.219,951.031,48.202,21.377,334.027,25.635,72.549,3430.932,224.961
0,7.254,60.094,3.873,1914.952,704.627,166.952,23.334,206.466,411.821,75.757,2373.880,291.963
0,4.787,53.249,3.694,2132.378,1261.786,29.956,24.382,302.357,297.672,74.516,3575.590,308.972
0,3.481,74.886,2.756,2003.766,907.132,91.685,19.569,272.737,915.161,77.140,3204.587,220.358
0,5.730,64.447,4.269,1992.347,429.331,165.678,27.078,298.415,401.697,75.706,2585.472,326.727
0,10.740,49.159,0.857,2038.898,524.685,105.129,19.796,218.492,354.986,72.406,2313.677,289.350
0,6.066,56.798,2.455,1955.867,630.991,120.293,17.251,248.488,1181.341,72.855,2193.815,180.650
90,6.806,57.286,2.867,2007.324,310.850,87.715,21.185,306.927,377.308,79.745,2097.425,207.328
90,8.016,70.036,2.694,1900.448,778.356,43.455,25.438,268.522,409.638,73.709,1727.396,63.686
90,5.947,56.228,1.510,2008.104,982.953,111.158,19.729,301.675,613.858,74.028,2587.122,307.533
90,7.383,64.181,4.682,2039.885,1135.141,125.229,24.853,265.458,866.023,70.418,2092.136,271.898
90,8.479,65.264,1.983,1904.961,197.483,116.172,24.164,331.039,1165.544,79.740,2808.127,249.730
90,7.349,77.645,2.607,1846.763,793.531,143.535,22.024,309.177,149.888,72.841,2434.796,239.457
90,6.025,49.631,2.408,1936.109,807.414,122.749,23.565,248.132,930.695,71.930,2159.554,138.220
90,11.424,44.292,2.364,1863.595,836.655,119.523,24.195,326.804,748.841,75.582,2805.836,177.813
90,9.379,49.541,2.505,2043.226,947.563,107.173,21.141,334.538,665.278,79.892,2461.043,164.366
90,7.175,58.401,2.603,1962.196,1615.097,90.188,24.056,314.415,98.509,72.067,2949.723,87.797
90,6.433,55.384,2.557,2055.143,522.492,75.537,19.717,324.007,554.229,72.826,2855.402,184.384
90,6.384,43.824,2.952,2004.332,768.145,78.294,19.964,227.758,731.405,69.765,2489.604,114.213
90,7.863,53.551,1.816,2026.960,454.721,72.252,21.520,245.858,640.307,69.574,2641.572,251.320
90,8.307,62.202,2.579,1968.419,881.889,158.205,20.978,290.025,539.224,72.313,2882.896,172.856
90,7.628,64.196,1.967,1985.426,578.293,147.191,23.989,327.438,450.399,71.887,2619.854,140.700
90,4.244,66.668,2.362,1855.696,82.279,134.243,22.557,340.151,144.313,70.274,2555.637,174.730
90,6.701,51.952,1.981,2001.577,360.814,112.327,26.764,350.859,338.265,72.989,1927.165,230.738
90,6.435,55.770,4.018,1801.941,728.966,133.638,24.047,258.435,984.117,74.019,2430.264,203.089
90,8.586,55.064,2.472,2136.038,217.913,102.259,26.392,266.041,682.060,73.241,2828.567,167.666
90,5.709,50.556,4.602,1944.167,867.470,75.670,17.441,266.146,321.828,72.588,2498.895,237.831
90,4.840,72.532,2.379,1833.459,575.577,94.054,22.142,257.164,250.773,66.824,2672.537,284.619
90,11.052,63.710,3.012,1989.373,1209.768,120.442,22.657,228.058,546.081,75.188,2461.609,213.855
90,5.790,56.158,3.401,1902.324,809.682,138.491,21.887,282.363,79.880,74.780,3015.847,253.718
90,11.313,66.087,1.779,1879.529,27.675,122.049,21.054,187.978,493.209,68.623,2686.512,251.901
90,4.831,57.205,3.875,1968.258,1120.961,140.515,21.039,236.547,980.921,72.843,2624.110,179.674
90,6.224,47.385,3.299,2012.822,1040.571,108.924,25.965,301.910,1003.555,71.956,1872.739,359.052
90,7.468,64.855,1.621,1901.357,842.301,151.260,22.878,314.622,519.669,74.616,2199.094,300.534
90,7.223,74.685,3.927,1959.651,1133.894,108.527,21.170,242.069,594.851,69.811,2110.887,278.622
90,7.454,54.932,1.615,1928.278,678.918,130.451,23.223,282.382,927.767,72.950,1564.394,320.795
90,5.936,62.326,3.561,1935.833,1462.306,104.531,23.258,319.568,640.730,75.404,2208.516,171.223
90,8.613,62.127,1.539,2015.074,701.908,113.481,23.013,256.494,154.822,74.609,3139.949,264.222
90,3.930,51.784,2.885,1978.409,1200.962,160.178,22.220,320.850,407.547,71.544,2587.232,165.019
90,6.928,55.051,2.584,1970.689,742.248,141.247,21.307,279.619,488.015,66.579,2872.929,102.757
90,4.359,54.810,2.344,1958.918,704.482,125.074,23.085,219.209,225.408,75.676,2072.366,200.954
90,8.121,63.980,2.909,2051.030,620.951,57.106,22.255,254.923,1238.476,75.910,2246.158,216.445
90,10.858,73.892,3.054,2069.673,725.972,57.285,25.275,233.111,91.390,74.907,1670.627,154.372
90,7.254,54.715,2.664,2025.832,564.908,73.627,16.849,267.456,835.010,73.219,3168.336,199.341
90,5.156,63.994,3.856,1943.582,368.262,135.136,20.166,329.662,588.809,71.866,2536.109,285.049
90,9.559,70.852,3.085,1998.218,737.593,98.333,22.231,311.024,709.435,74.672,1723.652,290.954
90,5.005,70.665,3.887,2024.927,1087.544,141.799,21.825,330.644,618.007,73.607,1934.629,223.379
90,8.788,49.845,1.363,1891.620,1263.071,103.997,22.177,280.125,299.873,75.496,2008.833,293.631
90,9.444,56.046,2.197,1955.907,578.255,104.910,22.498,254.975,372.316,73.359,2398.696,280.499
90,9.315,57.961,3.228,2019.044,573.815,88.459,20.583,276.711,593.135,78.556,2227.447,272.672
90,3.703,54.093,2.317,1887.968,811.337,99.956,22.999,287.007,749.902,72.749,2634.514,262.027
90,0.269,75.341,2.164,1913.022,606.244,129.246,19.292,348.598,493.708,72.639,1901.323,204.325
90,7.933,46.944,3.355,1995.549,984.742,110.738,24.696,193.431,772.566,73.964,1348.288,280.881
90,4.532,68.337,3.370,2099.646,1511.682,112.751,20.990,238.532,709.879,72.776,3616.428,238.934
90,9.752,59.888,3.522,1993.219,445.476,129.442,20.726,301.972,399.816,68.708,2379.635,209.655
90,6.048,50.654,2.593,2067.228,660.854,131.511,19.779,212.187,488.717,71.040,2526.817,170.392
90,7.809,63.138,5.296,2116.648,833.967,102.945,19.621,233.750,38.610,70.221,3533.008,254.613
90,7.765,60.986,3.488,2023.287,1276.816,106.902,23.955,232.523,237.954,76.149,1859.029,201.588
90,6.983,61.338,2.049,2037.691,1051.667,139.275,24.338,297.310,46.527,71.470,2509.613,188.181
90,8.100,54.844,1.487,1949.031,1911.536,98.381,19.447,379.173,426.918,75.573,2814.322,256.523
90,4.520,63.839,3.308,1797.648,807.064,120.065,23.882,305.439,383.262,68.901,2794.677,378.757
90,6.002,42.318,2.928,2010.975,322.072,79.480,21.278,244.022,432.311,74.862,3021.142,202.334
90,7.678,58.692,2.251,2012.771,535.144,100.852,21.334,267.168,1142.303,74.096,2083.630,128.208
90,6.085,58.973,3.581,1979.232,1098.716,69.821,18.551,314.731,77.462,76.543,2395.417,75.832
90,8.237,46.576,2.572,2066.355,447.395,170.333,26.546,246.028,839.781,66.916,1642.475,190.242
90,6.756,42.868,2.166,2110.837,283.347,51.225,24.539,288.473,501.389,78.698,1458.433,147.097
90,3.442,62.124,3.049,2135.885,704.362,67.876,22.282,245.157,528.171,71.449,3193.923,285.418
90,5.913,68.577,2.226,2025.872,603.150,148.761,18.711,204.730,454.856,72.708,1982.878,185.939
90,8.382,53.328,4.251,2102.673,496.874,93.909,24.802,267.443,434.040,73.562,2415.466,190.810
90,1.701,72.210,4.199,1973.753,186.275,145.867,20.219,223.851,464.720,71.709,2474.732,187.933
90,5.379,63.489,3.651,1899.053,1172.960,136.683,21.611,297.423,264.539,69.955,2716.483,272.257
90,10.265,73.738,3.579,1862.680,341.672,75.069,25.957,312.790,9.046,73.007,1399.119,160.519
90,8.140,56.326,2.187,1987.787,569.931,76.427,23.348,346.138,641.922,76.066,3135.263,234.933
90,4.076,57.500,3.550,1985.897,766.062,143.640,19.637,243.239,522.058,74.429,2413.492,189.050
90,5.802,69.436,2.751,2062.144,405.974,104.992,21.669,268.465,6.987,74.082,2685.676,154.909
90,10.155,63.195,4.302,2050.007,1137.892,136.038,22.500,275.197,1230.465,76.571,2584.360,187.878
90,11.650,62.110,1.539,1965.443,331.071,99.880,17.455,299.605,351.106,76.536,2072.871,234.335
90,6.027,76.381,3.311,2076.666,1089.485,57.006,18.847,298.231,198.270,77.243,2931.632,275.916
90,5.860,61.891,1.648,2110.986,31.608,101.936,19.463,242.918,688.874,71.416,2952.840,172.014
90,6.374,56.332,2.547,1923.763,597.142,130.656,21.846,328.386,611.327,78.149,3495.240,251.451
90,5.549,52.714,2.706,1959.121,231.877,99.282,23.881,313.077,459.957,72.391,3090.529,180.410
90,7.208,68.741,2.830,1959.305,1121.559,72.349,18.383,284.449,619.211,71.691,2213.352,209.173
90,8.063,69.034,1.484,2050.300,508.908,98.156,24.412,275.905,134.095,72.637,2004.613,196.165
90,4.398,57.207,2.268,1933.193,724.692,97.204,19.966,352.390,606.101,75.499,2470.979,194.177
90,10.375,45.837,2.160,2144.524,836.632,107.693,22.564,283.036,540.078,72.416,1784.281,220.850
90,8.776,58.451,3.277,1911.245,213.466,78.848,21.779,226.990,113.590,72.695,2734.030,223.770
90,7.620,47.066,2.548,1980.855,728.348,112.170,23.022,307.819,1133.448,73.690,2859.465,162.773
90,6.122,59.815,4.653,2076.982,1227.551,83.235,22.068,333.636,208.615,70.612,2610.450,206.380
90,10.421,62.674,2.132,2000.361,1440.540,125.469,23.120,249.835,662.170,68.343,2072.587,275.663
90,2.470,63.943,3.260,1869.808,498.519,75.449,17.438,328.502,584.747,67.804,2421.370,250.036
90,6.829,58.165,3.707,1819.454,645.729,181.033,23.035,257.559,297.241,68.368,2192.559,214.912
90,4.789,51.734,1.716,1960.575,331.696,93.868,25.083,240.243,692.271,74.610,1872.700,245.025
90,7.318,48.090,3.709,2072.960,563.965,86.803,25.263,285.408,26.545,71.337,3041.020,133.022
90,7.956,75.919,2.245,2192.739,611.766,108.266,18.056,339.314,391.639,69.687,2832.268,117.179
90,10.371,62.736,3.962,1986.526,605.033,109.180,23.304,304.347,367.982,77.336,2538.106,199.001
90,5.301,55.064,3.901,2025.608,883.908,170.892,25.282,195.535,638.026,78.501,2187.823,247.623
90,6.892,55.521,2.755,1997.805,1083.793,111.728,25.421,302.560,567.407,75.632,2464.375,277.358
90,7.258,52.516,1.584,2005.351,1057.769,147.195,22.127,273.122,98.620,73.550,3015.926,128.358
90,10.205,72.907,3.166,2021.394,231.771,107.335,22.231,258.574,293.848,79.179,1694.488,72.531
90,3.984,46.427,2.623,1961.550,1490.320,122.234,24.477,332.384,534.070,71.532,2616.114,111.266
90,4.264,51.219,1.829,1920.565,379.333,103.510,17.999,257.286,37.629,80.420,2001.811,155.951
90,4.898,59.729,3.675,2016.367,1059.624,125.624,18.847,255.733,748.944,72.515,2517.449,212.267
90,8.231,46.367,2.993,1873.099,1315.305,114.275,23.713,246.822,1177.613,71.175,1782.925,160.294
90,7.073,52.400,3.280,1917.771,439.232,136.496,20.435,271.304,569.585,64.054,1639.636,220.688
90,6.294,58.830,2.066,1873.797,399.257,79.474,18.646,295.887,197.252,78.936,2560.108,311.257
90,11.420,52.604,4.238,1936.877,1372.831,115.391,24.351,293.845,341.071,77.762,2854.914,239.209
90,8.949,61.544,1.372,1966.472,777.776,117.786,21.344,291.857,1072.490,70.439,2566.464,198.095
90,4.945,51.945,3.603,1998.709,760.881,125.496,25.907,263.805,378.021,73.595,3249.856,171.711
90,8.244,49.245,2.771,1887.288,1192.345,122.378,24.521,306.206,668.451,72.976,1493.801,180.644
90,5.876,40.181,2.613,1840.441,1230.186,149.762,22.981,220.551,1166.629,70.664,2293.754,268.016
90,9.579,71.235,2.981,2014.900,125.489,105.002,24.690,361.699,237.229,71.970,1269.728,280.995
90,7.941,61.511,2.507,1844.134,584.069,80.433,23.973,281.881,380.095,71.430,1614.872,248.532
90,3.851,53.583,3.073,1920.882,783.077,130.164,24.235,319.182,239.535,73.152,2697.699,181.319
90,8.791,70.645,4.456,1923.507,809.888,96.766,26.521,286.701,690.361,69.046,2793.433,180.068
90,6.128,54.435,1.709,1874.006,331.637,142.316,24.145,189.867,707.036,71.960,2557.656,243.873
90,7.695,56.365,2.759,1880.682,1323.934,72.182,26.274,319.716,120.319,71.781,2699.851,267.103
90,4.486,52.236,3.548,1967.434,741.259,92.844,23.553,397.151,438.290,75.303,2751.998,196.822
90,2.713,56.280,3.138,2021.200,885.312,90.410,24.315,325.176,544.203,73.170,2691.812,258.998
90,4.411,54.046,2.702,2013.656,758.732,142.654,20.690,343.066,482.464,72.352,3090.525,180.548
90,7.922,63.964,2.007,1985.036,1194.710,151.217,20.497,354.013,201.131,76.058,2573.980,151.145
90,8.984,62.285,2.628,1939.027,1412.953,130.982,22.661,254.306,74.894,71.002,3204.325,203.220
90,3.637,61.323,2.766,1962.815,450.163,96.775,24.018,321.825,105.595,73.196,3694.298,224.098
90,13.375,71.332,2.147,1945.935,113.939,63.527,21.616,296.374,807.274,75.991,2975.643,243.056
90,7.946,61.798,4.088,2095.123,410.586,126.311,22.394,292.875,508.512,75.706,2063.294,187.082
90,12.954,55.967,3.021,1949.470,449.624,100.354,19.130,336.900,775.698,72.454,2176.180,116.916
90,4.908,62.736,3.828,1871.692,967.025,107.004,20.360,347.176,14.889,68.655,2276.103,170.411
90,10.946,66.723,2.791,1912.908,517.210,94.028,17.354,274.542,686.615,72.291,1739.138,168.068
90,7.628,64.056,3.824,1999.220,1399.795,142.951,20.926,286.093,380.298,71.881,2174.166,280.866
90,4.604,66.377,3.995,2002.149,460.018,134.660,25.945,311.242,720.227,72.615,2134.807,221.478
90,6.428,50.713,3.567,1993.796,507.320,139.263,23.643,261.894,583.324,74.079,2898.128,212.109
90,3.068,56.424,1.878,1981.224,865.053,101.566,18.424,277.146,900.558,75.663,2062.304,210.334
90,7.191,47.985,3.709,1918.228,613.467,155.542,21.182,329.950,516.100,71.415,2169.970,194.222
90,6.165,50.824,2.824,1960.403,412.699,108.847,24.750,381.689,497.003,74.911,2724.655,244.639
90,4.394,48.127,2.365,2112.063,620.610,150.962,20.170,302.074,621.520,70.778,3018.541,291.279
90,4.864,66.902,2.773,2071.906,1459.599,107.821,22.819,203.330,602.270,77.453,2915.927,204.522
90,8.986,53.928,2.453,1910.205,739.664,96.355,19.728,306.017,444.343,74.976,2201.924,161.214
90,4.947,58.284,3.242,1912.688,651.630,135.579,20.221,330.133,311.399,72.263,2511.756,198.985
90,9.514,50.209,1.264,1810.358,492.964,82.914,21.474,293.537,706.957,73.254,1980.271,310.609
90,4.304,47.316,3.682,2160.751,478.900,129.735,18.853,289.375,464.162,72.331,2441.360,306.124
90,9.058,68.253,1.790,2090.152,354.927,136.056,20.834,298.220,1.894,73.613,1661.500,296.371
90,8.160,58.039,0.389,1917.700,602.093,93.347,24.966,218.303,325.200,71.693,2453.290,284.389
90,0.306,73.390,3.859,2053.293,985.791,59.207,22.404,299.671,432.573,74.838,2057.493,143.693
90,5.367,58.355,2.558,1850.818,593.265,108.438,22.757,267.949,482.462,70.973,2426.677,254.553
90,6.273,47.322,3.669,1982.696,354.752,94.995,22.934,319.603,301.836,73.698,2102.621,223.398
90,10.989,43.849,1.613,2021.014,694.431,151.884,28.620,304.360,791.442,77.825,1643.893,74.098
90,4.091,60.578,3.563,2073.584,995.549,70.720,23.918,265.411,772.393,75.017,2837.074,203.580
90,4.513,62.475,3.750,1967.933,901.960,160.440,17.281,317.672,354.665,79.291,2557.883,208.918
90,7.447,69.653,4.706,1979.269,657.713,152.062,25.051,382.760,465.201,69.868,2856.821,289.835
90,5.985,64.181,3.888,2150.338,856.628,154.920,23.276,236.285,401.759,70.425,2181.809,227.621
90,5.205,50.573,2.420,1983.725,102.702,113.881,19.850,215.737,422.628,74.217,1706.640,112.894
90,7.069,64.553,1.085,1845.739,676.622,95.375,19.320,313.185,628.369,78.896,3409.526,175.768
90,4.447,56.261,4.594,1935.851,626.972,125.844,20.919,274.226,505.856,74.026,3130.334,326.704
90,11.655,55.017,1.934,1849.078,957.396,90.569,22.905,262.835,238.498,77.182,2435.075,259.917
90,8.508,66.487,3.477,1948.516,692.933,116.396,26.967,290.174,249.984,72.194,2066.567,127.182
90,5.931,51.434,4.545,1820.140,1099.171,109.704,26.172,290.217,488.873,75.135,2431.941,189.299
90,10.597,72.371,3.085,2023.659,609.498,115.174,16.994,257.680,75.567,69.047,2039.022,246.267
90,8.262,47.814,1.042,1866.606,693.578,153.507,18.309,351.970,426.504,70.108,2461.455,147.832
90,6.931,47.989,2.986,1977.113,764.163,118.701,19.545,288.920,521.683,74.928,1955.438,291.125
90,6.260,50.735,2.163,2025.648,741.840,137.984,21.119,246.473,220.866,71.773,2067.186,265.097
90,8.503,64.598,3.695,2014.825,667.333,110.860,21.798,212.021,1399.542,73.195,3583.507,270.685
90,4.202,62.512,3.043,1915.616,474.090,78.362,25.577,278.458,218.949,74.650,2940.576,226.994
90,3.393,60.138,3.906,1911.820,665.932,122.896,23.170,280.852,284.905,75.250,2121.639,220.751
90,3.657,49.995,3.694,2052.864,607.308,109.654,17.638,267.369,322.090,71.447,3763.445,110.802
90,7.575,63.482,1.735,1986.156,859.745,86.965,20.850,244.898,315.235,75.374,1677.739,246.177
90,7.616,64.619,1.827,1985.996,588.908,55.358,22.056,268.105,1291.340,71.886,2675.143,149.376
90,10.853,54.194,2.643,1988.099,1097.245,86.511,23.337,275.650,274.154,73.898,2339.870,243.579
90,7.519,72.813,2.520,1965.752,402.129,131.040,24.233,260.796,354.133,76.523,2551.939,205.460
90,8.101,65.497,2.756,2009.096,776.004,106.989,24.913,345.215,248.251,78.135,2096.057,284.073
90,9.128,54.496,4.412,2089.505,881.682,104.686,23.452,323.325,268.218,72.197,1904.387,269.041
90,4.395,47.043,2.559,1997.134,686.597,44.302,21.557,283.103,904.239,74.206,2921.980,175.016
90,4.063,61.765,2.550,1895.528,286.014,88.016,21.214,338.596,489.840,72.251,2724.801,121.829
90,4.685,58.608,4.482,1864.344,697.140,78.943,20.728,199.043,219.543,69.187,2553.669,274.166
90,6.633,55.352,3.655,1895.641,770.046,124.176,19.567,269.213,379.356,75.967,2732.398,182.356
90,8.029,59.299,2.921,1935.791,1027.545,114.252,20.920,258.761,358.879,81.417,1576.891,152.084
90,9.253,57.882,2.810,2039.532,1180.838,117.906,21.848,223.725,520.031,72.968,2761.394,64.524
90,5.959,49.259,3.425,1970.499,954.848,144.625,24.652,264.988,694.590,73.840,2285.785,242.723
90,10.883,67.231,4.945,2135.602,871.466,89.015,23.613,198.173,229.892,69.049,3043.748,281.118
90,9.845,57.444,1.572,1937.865,536.066,125.982,23.138,294.887,569.168,71.738,2489.102,179.126
90,7.732,57.870,3.358,1966.067,1308.573,131.840,25.012,331.756,359.127,76.722,1930.881,150.376
90,7.785,59.837,3.456,1898.040,693.229,125.079,27.421,249.998,930.619,72.422,2254.240,193.520
90,3.269,67.039,2.155,2015.179,623.067,122.395,24.683,271.399,204.010,71.534,2751.228,198.743
90,6.709,52.367,2.476,2028.898,862.687,81.423,21.057,283.669,172.548,72.860,2906.529,172.608
90,10.199,63.742,2.010,1856.029,711.462,120.829,25.587,295.217,93.444,75.693,3052.727,309.804
90,9.282,45.465,3.360,1982.296,624.081,130.846,25.074,271.587,532.348,73.337,2730.757,269.354
90,5.867,56.209,3.752,1835.879,1335.948,138.111,23.409,281.845,46.140,70.854,2602.456,115.925
90,4.846,50.953,3.883,1978.963,372.567,94.804,23.057,281.290,1391.032,73.640,2649.351,288.795
90,11.946,61.486,3.656,2057.632,324.705,93.800,21.711,306.242,23.171,73.934,1145.066,233.720
90,9.184,65.790,1.836,2065.034,699.596,112.109,24.287,343.822,1021.437,75.510,2830.669,283.180
90,7.769,67.045,1.923,2010.938,837.614,110.451,22.109,173.974,585.311,72.760,2659.566,143.805
90,10.595,64.509,2.319,1856.197,465.689,119.595,21.245,268.252,141.948,74.222,2257.615,183.836
90,12.403,64.579,2.853,2030.389,676.635,82.327,25.889,256.690,253.915,66.598,2337.953,233.618
90,6.087,80.032,4.343,1943.556,1005.676,80.462,22.114,211.406,649.453,71.336,3524.436,201.913
90,3.338,50.548,3.908,1884.654,653.633,121.669,24.432,259.224,207.349,70.005,2728.183,189.648
90,6.125,61.461,1.121,1828.412,231.287,86.849,25.283,346.953,444.038,79.894,2371.423,215.919
90,7.065,51.144,3.676,2025.275,1125.399,114.708,20.554,179.374,432.659,76.000,2429.386,347.313
90,9.940,68.968,2.011,2051.743,1062.739,110.311,20.802,206.617,416.328,74.180,2518.313,241.141
90,8.032,55.632,2.951,2010.212,214.860,90.579,23.043,240.487,1009.026,77.090,2192.683,147.788
90,6.801,62.270,4.603,1898.891,833.368,103.013,22.394,296.604,535.406,77.856,2605.463,305.377
90,5.226,51.915,1.322,1915.202,994.009,108.138,22.391,219.134,494.872,66.482,2431.770,93.822
90,6.916,41.554,2.341,1969.874,240.584,75.811,23.130,292.136,704.339,74.862,2646.858,243.562
90,8.885,56.016,3.496,2031.800,1428.659,105.107,20.219,292.472,590.761,79.829,2446.725,274.013
90,8.682,56.792,2.547,1854.074,869.297,141.464,19.371,316.051,564.801,73.773,1264.311,257.468
90,4.386,59.485,1.397,2005.502,755.383,88.536,23.865,245.543,264.282,80.691,2404.069,184.662
90,4.499,67.705,3.965,1823.414,919.729,66.852,21.072,225.010,776.758,69.477,2986.642,299.964
90,4.497,57.537,2.499,2004.102,631.019,57.816,22.739,243.964,732.452,72.602,1933.740,231.069
90,8.225,60.409,2.897,1900.642,588.965,143.623,21.502,241.726,379.621,74.329,2643.074,282.634
90,4.509,52.116,3.536,1974.695,913.067,90.502,24.276,360.047,1061.689,78.066,2607.769,156.522
90,6.786,67.327,4.440,2043.740,608.821,146.689,18.545,291.266,465.790,77.220,2977.118,299.218
90,5.167,49.197,1.563,2020.006,1649.416,59.496,16.780,221.332,450.293,67.888,2175.645,90.402
90,8.067,54.297,2.781,1886.694,700.114,120.822,19.893,327.354,700.358,77.254,3041.474,327.889
90,5.799,62.935,2.198,1943.634,767.555,101.372,24.091,283.924,560.595,77.995,2195.012,219.250
90,7.551,55.850,3.193,1991.951,708.004,136.920,19.604,271.752,553.978,75.151,2604.900,184.001
90,4.026,54.838,2.907,2076.848,903.300,86.742,24.496,270.513,287.581,72.688,2282.413,272.442
90,4.055,65.577,2.147,1950.359,195.886,115.750,24.109,308.018,177.271,76.534,2306.414,105.024
90,10.286,61.663,4.660,1987.700,629.190,139.342,19.152,304.039,829.255,71.745,2576.326,197.399
90,3.493,65.716,2.914,1911.260,888.511,118.977,20.150,202.752,609.039,76.145,2233.659,179.925
90,6.023,53.592,4.449,1909.805,517.937,64.825,25.012,244.640,604.856,72.455,3400.621,118.817
90,7.084,52.844,3.274,1968.409,928.021,104.943,22.980,291.946,339.141,74.847,2648.655,282.836
90,8.285,60.030,4.132,2006.339,1192.311,85.631,23.636,289.566,1010.766,74.737,3442.970,208.280
90,10.519,53.804,5.046,1922.807,888.847,129.483,18.791,311.688,1081.759,70.357,2477.343,231.493
90,5.264,63.378,2.989,2072.180,1311.700,117.802,19.168,266.400,714.505,71.785,2354.708,239.160
90,4.846,64.481,1.837,2104.467,1543.024,102.128,22.456,302.874,18.716,77.579,2269.249,215.554
90,7.213,50.353,3.105,1858.863,307.233,84.542,27.921,223.294,415.463,70.714,2347.685,248.319
90,7.140,48.347,3.044,1976.866,348.566,96.105,22.182,383.938,219.180,78.146,2814.382,240.768
90,3.163,49.468,2.906,1930.390,840.861,91.996,21.384,304.671,855.002,76.692,1978.777,326.087
90,8.114,72.785,1.857,2103.615,1211.742,156.953,19.182,254.462,110.099,73.352,1890.183,240.521
90,5.376,52.977,3.461,2070.531,148.259,76.858,24.209,268.288,716.274,70.365,2039.610,205.546
90,13.371,49.178,2.489,1920.086,529.887,126.054,25.404,321.185,335.940,75.902,2325.465,215.512
90,7.409,55.403,3.626,2063.129,1004.575,89.076,21.844,247.157,779.849,80.971,2331.536,137.761
90,3.456,62.789,3.499,2081.800,715.247,106.696,21.280,365.070,358.175,73.187,1900.575,221.089
90,8.223,56.832,2.636,1875.206,447.410,94.149,16.715,277.661,822.689,71.582,2262.416,291.051
90,10.388,68.467,1.723,1984.421,566.743,105.275,19.757,292.968,105.769,75.398,2263.702,193.691
90,8.553,58.722,1.972,1925.620,767.244,93.229,23.566,274.751,387.858,74.641,1695.442,204.326
90,4.966,61.411,3.273,1969.045,616.846,109.117,19.384,306.160,843.154,70.134,2715.834,219.351
90,3.980,43.107,2.548,1976.868,630.925,136.600,25.027,280.843,590.866,73.560,3033.724,233.705
90,8.301,43.707,3.628,1883.805,135.188,111.486,22.188,273.602,849.300,71.916,2837.765,295.232
90,7.890,57.603,4.504,1897.393,700.143,179.646,19.757,309.027,336.889,67.984,2105.602,290.314
90,5.109,55.227,2.797,2007.727,1815.865,117.163,23.689,300.914,679.582,79.519,3103.001,179.940
90,8.316,64.195,3.258,1916.868,1283.593,50.208,19.533,290.566,233.717,72.289,2856.167,267.181
90,8.293,62.231,3.750,2053.170,692.127,137.037,22.193,321.731,510.899,72.951,2375.845,266.369
90,4.358,69.887,1.041,2065.780,270.341,131.521,25.012,338.320,907.567,71.168,1709.201,293.754
90,3.757,61.101,3.355,2009.715,920.062,162.209,19.112,343.069,201.476,78.351,2110.605,278.592
90,9.917,53.197,4.232,1870.970,498.194,133.703,20.865,319.372,675.284,75.005,3116.574,255.179
90,7.687,61.412,4.078,1967.301,746.167,59.249,18.092,268.982,507.068,66.734,1935.825,177.067
90,8.551,59.168,2.696,1952.859,836.661,145.081,22.069,231.850,59.768,75.031,3088.906,270.919
90,6.626,59.522,1.941,2117.182,466.906,138.076,26.081,332.393,282.576,69.084,2781.386,296.902
90,5.503,59.223,2.159,2014.646,974.189,104.043,24.142,296.633,667.781,74.786,2316.117,219.179
90,3.882,70.904,4.231,2019.888,474.484,113.259,21.764,272.121,792.582,73.044,2015.354,181.862
90,4.816,66.443,2.863,2071.785,841.919,155.909,22.355,262.459,433.467,75.517,2689.636,140.202
90,9.710,63.467,3.090,1837.252,836.118,156.056,21.926,373.593,734.145,69.248,2301.867,245.004
90,2.638,53.766,2.450,1915.062,643.781,82.178,20.736,269.026,86.646,66.882,1250.393,202.763
90,4.331,71.673,2.815,1886.864,1157.430,113.337,19.445,346.604,109.293,76.919,2717.989,275.681
90,6.555,60.322,0.547,1931.740,124.508,121.151,22.668,277.948,609.004,76.072,2486.698,262.937
90,7.232,66.934,1.797,1961.002,664.231,96.489,25.153,279.332,705.790,74.734,2380.259,245.542
90,4.699,70.931,3.565,1997.295,859.577,92.402,23.258,342.607,105.652,73.043,2071.988,53.549
90,8.284,62.979,2.688,1903.103,338.789,106.714,23.555,289.801,260.012,73.683,2261.917,174.859
90,6.726,43.533,3.304,1922.309,541.615,128.035,27.152,322.926,290.946,75.167,2076.974,187.036
90,7.646,55.137,3.858,1906.590,1103.369,96.796,23.394,290.200,825.382,72.013,2466.506,248.781
90,5.256,46.966,3.426,2028.026,453.459,105.675,22.416,413.273,586.715,74.838,2334.650,233.293
90,6.634,58.915,3.751,1973.600,900.504,111.771,20.970,240.698,318.841,74.943,2733.932,245.741
90,5.934,49.580,3.059,1924.198,1105.682,97.126,21.116,286.302,632.403,73.171,3000.078,197.786
90,4.397,42.674,3.377,1938.187,1040.275,73.516,27.634,300.817,673.996,70.288,3325.804,234.590
90,11.079,60.533,3.435,1894.121,731.026,93.095,21.532,314.762,562.086,77.256,2658.730,175.156
90,10.027,62.612,3.299,1958.696,495.966,109.641,23.368,307.133,743.680,70.542,3245.594,213.035
90,2.043,64.517,2.644,1927.759,797.668,150.359,26.111,271.489,354.682,70.594,2462.710,224.100
90,4.185,50.109,1.520,1958.394,547.411,112.912,23.186,217.896,776.788,73.494,2657.949,311.128
90,6.732,74.109,3.098,1954.917,703.755,125.800,25.002,269.252,538.997,67.652,1844.024,280.855
90,6.412,60.879,3.109,1847.077,826.700,188.050,24.336,277.894,694.084,71.758,1494.253,386.903
90,9.934,48.057,2.886,2035.851,989.899,60.496,21.458,330.927,326.662,75.425,2637.431,233.182
90,7.275,65.260,3.450,2001.349,765.601,122.411,20.947,272.137,938.536,72.914,2056.865,136.698
90,7.629,52.488,3.150,1940.876,813.505,108.267,23.656,270.779,799.826,71.702,2683.718,138.242
90,7.184,67.053,2.399,1986.168,1014.994,89.445,22.711,293.618,531.151,70.307,2256.858,262.072
90,7.010,66.165,1.424,1977.622,123.730,135.714,18.516,318.436,171.678,72.966,2220.734,131.883
90,7.859,64.358,3.976,2052.029,814.843,110.690,21.933,351.772,1012.293,70.866,3372.771,192.458
90,3.656,41.309,2.792,1966.465,744.106,121.608,22.668,260.916,585.436,74.078,3456.541,139.350
90,13.485,51.306,2.666,2037.186,508.106,71.667,21.108,254.396,571.377,68.938,3121.457,199.627
90,7.893,55.038,2.745,1993.377,543.212,98.321,23.996,296.065,822.989,74.522,2556.771,227.786
90,6.237,50.031,2.773,1978.115,940.692,106.599,19.455,248.225,594.553,76.567,2524.742,283.811
90,6.432,53.806,2.870,1964.749,376.553,146.098,20.647,277.939,735.087,79.450,2805.159,309.787
90,6.999,59.740,3.100,1946.741,641.846,76.370,21.669,340.234,223.979,74.728,2564.872,177.609
90,6.511,68.664,3.650,1976.146,712.380,157.541,22.736,307.651,432.252,73.423,2668.739,204.845
90,9.314,50.850,3.332,1875.543,563.914,88.296,19.202,291.909,314.314,69.689,2436.398,238.746
90,5.030,66.587,2.539,1908.394,877.244,152.503,21.993,295.530,508.461,68.465,1849.136,227.779
90,5.070,50.578,2.937,1867.090,320.920,76.955,20.321,317.579,653.205,79.143,2214.819,218.173
90,9.129,58.605,2.267,1999.651,448.772,110.458,21.355,299.429,660.481,73.691,3291.423,323.866
90,7.408,54.044,3.198,1950.305,707.946,129.407,23.983,279.012,281.484,71.339,1865.782,278.393
90,2.420,55.326,2.887,2057.185,238.829,35.600,20.306,213.989,338.284,75.967,2776.210,200.705
90,11.046,68.112,0.597,1930.389,789.798,64.813,20.749,264.844,589.345,78.599,2051.958,307.364
90,8.057,56.399,4.663,2052.921,625.359,92.922,20.184,332.388,661.410,73.598,2050.330,230.241
90,2.592,39.339,3.367,2055.121,713.015,135.284,19.351,293.730,854.601,73.873,2133.723,276.821
90,5.417,45.708,2.878,1977.127,753.240,118.754,21.461,319.250,558.712,68.006,2294.263,248.345
90,9.031,52.962,2.892,1973.190,1098.669,131.392,23.469,342.852,830.097,72.404,2246.422,277.596
90,7.764,48.866,3.688,1931.378,489.641,159.629,20.332,281.535,425.716,69.093,3064.375,292.737
90,4.512,70.897,2.951,2084.923,348.445,130.266,20.671,353.556,308.757,76.061,2130.391,105.988
90,7.936,59.695,2.233,2044.102,1138.695,131.673,23.475,273.591,1116.676,77.643,1785.873,189.352
90,7.610,51.690,2.361,1912.846,847.082,146.339,24.072,243.130,895.760,76.821,2560.561,232.054
90,5.424,55.608,1.830,1875.188,1271.295,133.989,24.634,291.701,316.667,75.800,2822.512,241.140
90,7.961,66.760,4.234,2008.673,1225.505,133.260,23.512,329.558,336.056,75.460,2892.639,184.890
90,10.067,56.038,2.426,1921.988,1225.800,116.386,28.849,318.724,682.406,78.961,2483.727,259.777
90,3.986,66.040,2.992,2000.596,462.740,121.978,21.116,186.509,339.352,72.905,2299.676,290.126
90,5.950,67.275,2.316,1961.476,949.120,92.484,24.034,278.656,431.174,77.190,2751.236,221.839
90,5.431,63.493,1.968,1964.722,621.543,157.121,27.521,303.352,826.279,73.718,2825.110,118.462
90,11.704,53.744,2.456,1984.954,624.848,130.913,23.962,246.968,276.827,73.137,2150.829,126.967
90,9.343,72.245,4.673,1930.570,1051.685,108.693,26.799,273.018,403.727,72.493,2649.360,265.271
90,3.715,55.748,0.987,1998.058,1048.801,137.936,28.955,292.986,341.576,71.674,2754.516,163.684
90,10.387,52.762,3.991,2018.231,710.831,101.904,21.196,227.564,700.660,73.550,2647.588,239.096
90,5.732,58.872,1.498,1990.008,888.517,80.922,17.924,233.131,440.007,70.861,1841.004,244.715
90,6.756,58.560,2.970,2020.429,381.446,181.828,20.728,291.499,223.650,70.438,2839.530,198.238
90,11.062,59.789,3.279,1910.431,1098.399,122.235,23.342,325.879,484.397,76.862,2103.236,233.739
90,8.585,43.919,2.323,1959.085,427.989,151.474,21.105,331.720,33.684,72.047,2342.254,324.956
90,8.703,61.561,2.400,1984.992,363.430,119.710,22.133,306.465,850.294,66.927,1824.844,238.065
90,3.616,48.586,5.120,1940.421,415.695,91.669,19.046,308.317,414.952,68.141,2149.975,200.619
90,3.199,53.759,2.977,2158.795,923.345,155.224,25.397,262.326,315.196,73.495,2978.144,207.662
90,12.124,49.725,2.893,1978.941,1117.484,116.797,19.484,288.248,350.439,72.392,2460.997,207.556
90,12.656,59.474,1.048,1966.142,656.252,63.652,26.516,282.836,824.489,70.119,2124.033,262.350
90,7.774,65.751,3.656,1926.736,498.596,123.160,20.174,285.137,826.664,75.692,2686.601,130.780
90,9.786,60.921,2.979,1906.250,676.900,111.166,20.046,293.818,83.301,71.120,3099.281,164.365
90,6.447,56.823,4.075,2143.730,614.952,91.169,24.937,251.838,345.401,70.802,2683.844,325.304
90,4.434,52.985,2.581,1981.460,438.773,147.555,27.342,218.880,160.972,71.993,2999.550,264.167
90,6.074,48.818,2.041,2020.108,269.633,150.710,24.272,296.996,105.673,75.234,1961.473,234.198
90,9.083,51.912,1.811,2047.614,1152.608,148.422,22.577,285.256,218.644,70.239,2301.493,269.517
90,5.872,56.891,3.042,1877.887,933.748,129.822,24.352,255.685,191.970,74.007,2336.324,298.074
90,7.362,64.312,1.299,2093.942,895.989,112.456,19.795,258.799,322.790,73.494,2736.783,196.871
90,9.006,65.733,2.550,1958.654,257.603,138.764,21.132,275.171,613.532,70.321,1510.861,257.768
90,9.571,64.622,3.359,2045.100,316.200,122.611,23.981,306.561,372.353,71.924,2258.480,234.030
90,4.692,50.859,3.133,1987.311,749.086,70.683,22.407,307.698,399.314,73.909,1188.307,150.144
90,8.614,49.637,1.638,1994.089,1501.916,106.703,22.087,277.272,390.592,74.255,2275.243,159.765
90,7.857,60.200,2.650,1852.622,810.250,119.344,21.189,280.116,1182.326,72.559,2479.150,333.308
90,4.994,60.904,0.875,2021.355,844.594,79.199,23.112,251.490,6.779,72.099,2793.115,143.909
90,3.444,74.828,2.850,1894.961,604.478,85.026,20.553,259.486,322.526,70.186,2780.437,147.773
90,10.546,52.505,3.711,1894.974,440.410,92.229,25.611,189.208,753.144,68.762,2003.319,160.745
90,9.074,41.229,1.236,1850.474,1159.931,82.865,21.689,292.738,611.405,72.122,2190.466,195.397
90,7.344,61.002,3.190,2019.706,1102.297,167.194,18.437,346.658,143.237,67.626,1985.265,199.400
90,8.094,64.799,4.488,2038.194,790.210,105.304,19.849,270.679,451.310,77.062,1851.187,240.185
90,8.888,51.812,4.748,2082.621,594.403,190.318,22.223,269.840,372.334,76.501,3197.831,190.875
90,9.670,54.824,1.020,1967.481,846.448,107.207,18.083,324.983,267.148,67.729,2574.603,256.106
90,6.785,66.540,2.640,1907.273,918.926,118.913,22.283,293.820,494.400,74.629,3466.097,201.934
90,4.885,57.565,4.271,2054.570,1215.948,110.614,25.832,343.584,443.401,74.943,2573.638,254.381
90,1.763,72.825,1.713,1843.968,934.531,90.827,21.714,286.891,209.365,71.810,2605.464,238.322
90,6.983,54.904,2.727,2123.461,1338.881,72.660,21.982,223.986,277.093,72.958,2298.077,167.166
90,7.094,71.526,4.484,1740.657,984.288,61.106,22.553,310.232,98.935,74.825,2127.388,243.620
90,9.076,59.940,3.303,1926.497,698.939,121.663,20.577,315.028,664.307,73.946,3313.822,186.529
90,7.083,68.404,1.727,1942.950,762.686,118.051,19.372,318.663,288.130,72.502,2323.033,211.869
90,6.506,62.661,2.802,2041.275,587.065,114.730,22.464,331.026,870.242,69.303,2259.784,221.240
90,8.596,47.824,5.456,2099.973,1249.673,108.677,20.172,223.517,467.645,66.657,2317.269,219.733
90,9.228,46.419,3.905,2066.208,175.463,145.406,19.953,340.516,669.454,73.874,1756.754,159.650
90,10.770,60.801,2.479,1865.232,690.558,125.164,18.607,294.558,279.027,74.787,1889.599,258.745
90,7.548,52.777,2.338,1949.699,618.124,141.182,18.909,220.708,811.540,69.201,3329.338,212.260
90,7.260,62.728,4.864,1924.113,915.469,98.445,23.418,301.941,132.355,69.613,2152.128,130.658
90,6.350,64.917,3.508,1957.883,1352.321,127.286,22.130,309.063,331.800,71.999,2699.017,223.536
90,4.315,51.979,3.175,2017.668,429.315,120.459,18.888,221.624,549.996,71.555,2616.864,237.039
90,4.088,50.860,3.536,1813.684,37.955,135.868,18.839,262.003,42.406,76.850,2505.540,205.075
90,3.640,50.281,3.351,1964.865,1140.392,96.813,21.572,284.781,887.797,72.871,2412.682,283.565
90,5.703,42.771,1.885,1907.231,320.046,133.790,18.789,357.275,202.585,75.530,2882.451,238.738
90,6.282,59.227,2.656,2043.990,418.853,96.236,21.946,310.290,734.442,71.972,2702.394,256.222
90,10.031,67.971,3.500,1907.220,1075.797,85.672,19.117,348.475,710.732,70.149,2502.038,337.783
90,7.472,56.653,4.412,1897.786,654.533,104.268,27.453,271.364,525.643,70.201,3088.222,305.719
90,8.300,59.564,0.928,1952.857,304.058,105.938,24.792,318.141,386.789,72.222,2640.187,84.490
90,7.199,65.292,1.546,1964.115,1163.382,134.559,21.028,251.316,856.452,67.294,2577.297,173.452
90,8.745,50.323,3.435,1881.363,832.682,126.163,16.668,292.012,125.913,67.236,2363.398,198.321
90,5.735,63.951,2.624,1914.493,754.479,143.016,25.898,288.344,716.929,76.371,2468.492,173.150
90,7.145,43.427,1.242,1941.719,1099.211,120.843,15.882,354.395,280.473,70.493,2599.820,171.944
90,7.019,68.973,5.314,1989.694,1101.576,97.606,23.293,337.224,858.256,74.626,1838.413,179.581
90,7.696,47.171,3.864,1954.395,501.728,51.136,24.175,206.795,182.426,77.818,2311.396,125.492
90,5.839,73.345,3.135,1952.478,875.448,41.429,22.458,288.312,155.638,72.686,3693.677,90.546
90,4.748,59.143,1.687,2079.483,523.736,88.940,20.469,370.304,336.340,74.191,1793.474,126.412
90,3.499,50.456,1.583,1898.700,855.344,81.293,18.435,338.137,488.422,79.569,2429.619,295.745
90,8.697,70.524,1.627,2041.009,1121.833,109.411,24.189,290.534,345.737,74.714,2045.587,230.681
90,4.722,56.084,3.396,1935.190,356.398,79.653,23.070,251.924,451.313,70.791,1633.427,246.086
90,7.684,58.470,2.434,2015.637,782.512,95.679,23.003,247.734,460.721,74.593,2240.800,236.868
90,9.835,50.325,3.052,1922.447,136.422,47.227,21.002,294.906,1058.859,80.240,2685.955,330.207
90,5.536,70.675,1.861,1962.071,911.705,129.726,23.521,193.820,278.086,72.307,2367.008,195.376
90,11.423,58.791,4.084,2038.906,772.686,101.860,25.277,224.389,716.924,78.861,1911.162,276.638
90,2.806,53.792,4.700,1961.765,142.242,145.849,21.763,319.204,610.236,72.649,2253.684,191.213
90,4.977,67.110,4.117,1960.344,868.625,80.651,23.514,294.750,894.942,76.260,3171.817,319.595
90,4.603,54.469,2.656,2059.639,914.508,152.475,24.430,353.806,710.849,73.265,2354.831,208.379
90,7.521,66.619,3.025,1982.269,692.901,72.254,25.456,221.818,406.607,77.153,2213.675,230.014
90,6.393,53.489,3.683,2099.693,243.778,70.359,25.406,256.627,484.875,70.601,2394.139,207.691
90,7.382,63.071,3.247,2057.091,738.957,143.640,24.926,325.005,379.873,72.055,2370.571,201.222
90,7.776,68.608,4.359,1997.896,528.529,127.572,23.283,328.512,272.633,72.044,2264.592,162.241
90,10.815,43.737,3.349,1891.853,961.489,112.322,25.614,291.677,144.412,72.638,2402.021,144.269
90,7.556,57.828,1.093,2042.817,579.455,172.571,25.892,324.066,778.197,70.435,3144.483,97.269
90,6.096,58.572,4.529,1816.401,428.924,138.348,24.758,233.725,530.591,76.824,2973.053,132.551
90,7.244,59.825,2.151,1977.586,837.178,110.255,21.110,285.897,111.379,71.606,3295.936,279.153
90,5.820,64.973,2.863,2035.524,1181.576,121.644,24.105,256.718,778.025,69.293,2374.639,157.934
90,11.495,58.843,1.651,1731.765,664.059,103.299,22.626,314.864,731.003,71.915,2368.576,208.293
90,6.625,66.959,2.030,1960.657,914.440,119.615,23.325,227.148,86.253,72.952,1966.566,76.023
90,8.586,57.315,1.305,2033.835,308.358,58.243,22.118,250.897,352.690,71.860,2823.012,299.112
90,3.311,56.770,2.415,2026.075,1008.822,102.124,21.984,296.337,369.399,71.558,2054.797,145.753
90,5.660,58.864,3.281,1971.175,1033.527,131.088,18.413,208.639,752.087,71.450,2975.922,219.886
90,6.077,75.436,2.918,1995.912,372.437,99.611,18.742,290.588,759.997,70.494,2658.418,259.269
90,6.759,60.889,1.863,1993.663,102.490,142.797,24.154,354.890,26.054,74.554,2100.603,211.744
90,6.232,59.239,0.827,1920.051,753.466,106.791,21.204,270.244,260.479,74.995,1646.221,188.628
90,7.039,43.926,2.520,1913.850,785.081,136.906,22.087,219.076,340.840,73.602,2729.892,182.193
90,6.939,57.670,3.582,1981.626,130.017,91.480,18.686,257.684,505.951,71.472,2925.800,187.135
90,7.322,52.938,2.799,1964.920,255.225,83.673,20.270,238.140,153.120,75.515,2250.117,344.244
90,12.837,64.057,2.443,1963.353,597.205,92.622,22.679,314.813,787.225,74.506,2594.912,124.256
90,8.066,62.359,4.050,2035.814,1220.275,144.631,19.885,312.625,696.065,73.510,2667.775,303.047
90,3.191,40.080,4.060,2038.638,1206.794,131.982,22.856,278.206,172.665,76.269,1573.841,223.927
90,10.059,63.333,4.903,2039.958,241.163,116.071,20.469,267.642,640.051,67.831,1906.934,256.784
90,7.931,48.731,0.749,1957.476,339.749,117.964,23.110,385.895,153.761,76.293,2391.973,234.214
90,6.861,62.033,2.993,1995.385,1284.273,86.824,20.971,286.486,421.111,70.906,2777.334,191.978
90,11.392,52.887,3.253,1999.511,283.554,138.055,21.420,305.459,730.455,77.896,2690.591,163.258
90,0.038,59.157,2.807,2029.297,993.860,74.691,27.293,226.556,547.517,71.681,2528.082,220.732
90,8.651,71.108,2.692,1989.516,408.333,38.669,19.432,285.364,80.275,75.312,1811.860,82.583
90,6.886,62.785,0.960,1910.770,80.082,150.648,26.817,403.653,756.287,75.548,2650.840,307.937
90,6.260,54.933,2.722,2011.759,73.758,81.062,20.607,305.212,696.309,67.501,1949.601,243.833
90,8.356,53.758,2.293,1958.143,1074.872,126.549,24.746,275.626,342.025,74.139,2935.459,202.444
90,5.207,53.460,2.678,1979.306,327.696,103.341,20.475,298.928,639.888,70.506,2567.993,201.673
90,8.273,65.028,2.073,1900.067,963.083,146.887,23.905,301.762,633.033,75.740,2595.927,325.533
90,1.525,77.909,5.210,1944.237,1267.371,149.951,23.570,306.826,638.507,72.798,2210.028,231.755
90,4.645,65.505,2.397,1819.809,584.350,112.521,23.580,248.605,786.024,72.571,2611.788,119.516
90,5.706,52.100,2.313,1855.681,1080.191,92.537,24.901,261.345,443.165,75.162,2948.968,227.843
90,6.947,69.746,3.385,1969.890,852.545,57.382,21.507,277.137,487.828,72.623,2991.137,192.703
90,8.432,52.639,2.979,2021.146,79.675,120.318,22.472,348.307,397.320,74.693,1857.019,198.636
90,8.582,53.317,1.779,1848.843,819.310,106.035,23.335,278.021,296.688,72.997,2298.986,267.949
90,3.982,50.274,4.235,1896.990,640.102,99.290,20.660,319.490,997.841,76.025,3285.891,273.870
90,6.271,60.483,3.354,1964.801,608.673,163.986,23.394,276.710,714.818,71.237,3321.036,197.328
90,5.264,70.828,3.400,1945.987,650.249,108.600,17.047,232.606,66.299,71.597,2521.716,151.185
90,5.249,58.738,2.502,1955.515,538.601,99.218,19.975,283.151,38.645,71.368,2480.406,245.481
90,9.243,63.651,3.170,1919.334,876.772,107.851,24.153,253.128,162.953,75.966,3094.445,322.266
90,6.176,57.627,3.356,1928.201,406.714,73.281,22.178,224.363,281.828,68.673,1510.388,168.071
90,9.231,54.660,2.992,1907.727,858.368,101.830,20.996,321.056,149.105,73.386,2023.526,188.577
90,8.462,51.986,2.938,1898.477,483.432,166.347,22.560,314.462,383.785,69.218,3430.837,304.806
90,8.077,65.622,1.803,2033.969,110.542,86.191,22.684,323.021,408.601,74.589,2980.612,286.204
90,6.845,65.130,2.633,1980.681,339.957,192.334,20.625,332.949,910.545,72.031,3477.626,301.218
90,5.244,59.012,2.263,1927.068,1191.498,82.452,24.391,256.273,294.815,77.995,2758.415,241.621
90,6.067,49.209,4.240,1996.117,793.385,127.662,22.453,287.870,963.019,75.676,2560.933,294.773
90,9.902,67.719,2.018,1899.373,644.031,118.902,20.690,297.377,99.792,70.307,2411.367,182.519
90,3.763,49.644,2.763,1913.868,563.740,107.951,18.158,320.606,712.932,70.424,2880.328,176.636
90,7.279,43.104,2.978,1939.350,801.877,47.233,19.949,385.698,862.814,76.586,3167.780,303.457
90,7.411,50.569,2.696,1993.544,402.032,131.533,25.275,338.464,819.961,74.978,2120.969,311.067
90,6.011,60.034,2.865,2011.165,1224.527,115.639,18.218,341.759,969.003,75.568,3248.095,224.963
90,6.739,48.718,3.499,1909.649,747.004,163.931,21.221,322.000,1116.166,70.195,3129.064,216.785
90,6.748,46.588,4.041,2050.373,839.225,107.785,21.940,258.829,37.419,71.094,3040.615,214.330
90,6.173,78.543,2.676,1959.139,754.584,83.885,20.918,230.320,407.444,73.821,2545.408,240.584
90,5.618,52.353,3.646,1901.683,794.645,85.106,26.505,275.538,1023.232,77.040,3022.397,250.105
90,4.517,48.265,2.280,1946.473,1008.416,151.685,23.268,293.317,282.038,72.763,2309.234,211.030
90,4.911,62.646,2.169,1889.513,803.346,132.528,24.076,323.154,450.429,75.337,2147.576,244.606
90,7.220,60.980,0.999,2003.842,501.504,157.819,20.351,261.670,928.180,74.769,3375.203,182.599
90,4.995,66.357,4.641,1919.387,860.120,123.764,24.155,267.385,584.632,70.404,1942.757,171.181
90,3.489,48.773,3.201,1996.818,762.681,141.581,22.506,298.788,92.926,72.195,2395.125,219.368
90,6.210,59.474,3.164,1949.184,400.354,108.804,20.841,278.738,771.326,75.512,1590.787,176.400
90,6.197,63.846,3.134,1988.516,1096.840,118.811,19.524,261.702,469.979,68.239,2224.677,243.357
90,5.317,72.460,2.532,1919.056,400.710,58.262,19.875,286.139,177.580,78.915,2804.359,216.774
90,9.978,55.375,3.327,2011.610,1056.779,117.355,20.609,322.136,282.614,80.385,2608.529,158.344
90,9.043,67.255,2.162,2012.590,884.234,87.245,23.509,300.891,520.599,77.634,2412.645,203.995
90,7.590,56.204,2.577,2012.504,303.958,105.605,21.930,292.175,545.142,76.664,2462.976,214.832
90,2.890,66.259,1.765,2116.801,850.754,108.869,25.161,354.183,727.082,76.445,2441.190,201.082
90,9.427,64.510,3.619,1995.502,97.734,80.331,24.636,346.527,660.248,72.366,2618.951,253.199
90,5.612,58.655,3.113,1977.562,749.517,115.390,18.577,304.533,581.932,73.538,2351.873,126.075
90,5.114,61.998,0.968,2008.874,1076.742,81.928,23.528,320.804,547.908,72.848,2137.271,204.086
90,11.062,74.288,1.591,2041.440,60.475,91.383,20.137,267.183,912.034,75.517,3394.707,256.222
90,8.403,60.005,4.266,2016.192,790.467,99.558,20.224,250.537,995.196,71.983,2223.664,190.598
90,9.331,56.349,4.398,1991.708,962.136,106.179,23.405,355.177,531.153,75.102,3579.266,132.361
90,6.545,51.482,3.107,1884.735,563.568,160.433,26.809,354.326,245.594,72.813,2135.779,275.413
90,7.828,65.077,2.041,1977.662,817.550,169.092,22.128,243.067,793.650,79.304,2399.301,161.752
90,11.443,54.363,3.514,1912.874,535.326,115.655,26.605,264.335,350.234,75.882,1958.896,257.194
90,3.609,46.010,1.951,1992.644,661.574,114.162,23.091,273.535,833.695,73.623,2518.310,187.671
90,7.798,49.459,3.150,1990.041,614.604,79.861,18.488,372.176,312.019,68.605,2432.224,172.092
90,6.909,63.737,3.322,2077.534,37.308,86.227,21.314,325.387,257.855,73.619,3267.661,297.761
90,8.785,54.228,3.824,1923.255,763.917,139.248,25.605,246.852,184.457,68.536,2331.299,295.850
90,6.757,60.064,3.107,1936.790,522.757,112.087,18.909,246.181,409.909,73.543,2198.537,254.154
90,7.627,45.148,3.000,2051.985,598.510,80.563,21.160,268.310,474.542,72.180,2399.318,312.536
90,5.653,53.623,2.684,1931.977,807.327,100.729,22.562,275.375,765.460,77.044,3520.742,137.056
90,7.813,62.702,4.338,1804.840,688.626,100.677,21.023,245.494,479.713,67.757,2303.703,216.744
90,4.844,40.734,4.406,1961.306,331.650,100.398,21.668,340.049,214.788,79.576,2710.760,246.405
90,4.212,71.961,3.109,2019.940,855.877,125.654,22.788,323.766,585.457,82.526,2715.953,251.571
90,10.451,71.574,3.955,1964.723,795.841,104.017,21.202,346.297,478.510,73.751,2720.674,158.801
90,5.224,62.266,2.196,2076.471,180.945,114.926,22.587,285.319,712.127,70.781,1966.671,288.552
90,7.018,49.876,3.007,2056.764,398.394,127.151,19.774,270.645,416.375,75.170,2080.606,187.761
90,2.751,63.682,1.580,2038.289,767.897,83.192,25.628,249.612,774.578,71.279,2768.839,266.957
90,8.448,58.777,3.811,1962.946,464.505,106.879,23.582,268.455,396.246,71.705,2691.562,219.589
90,2.455,43.073,1.982,1969.701,537.187,106.340,25.106,298.200,269.269,74.578,2322.433,302.942
90,5.931,52.987,3.749,2009.441,245.556,124.510,20.165,283.766,255.296,69.831,2588.875,224.716
90,6.892,50.210,2.200,2035.926,1432.755,79.491,18.888,277.002,394.155,73.269,3689.224,345.065
90,8.308,56.880,3.679,1953.874,1107.128,80.266,23.461,352.757,42.635,71.110,2577.813,248.677
90,4.852,77.637,1.807,2063.471,1017.427,171.536,23.458,277.337,21.759,74.719,1930.684,269.976
90,7.636,60.924,3.746,1878.167,386.620,92.835,22.974,245.444,84.155,73.560,2991.033,140.766
90,8.014,55.150,3.991,1965.987,818.634,98.519,18.614,302.677,135.182,75.260,2099.784,259.848
90,7.683,62.785,2.310,1931.147,554.010,96.750,22.146,214.828,56.243,78.144,1939.308,87.270
90,5.049,59.838,1.646,2014.773,841.065,102.980,21.073,271.491,615.168,79.154,2518.516,232.428
90,5.240,52.045,2.807,1872.865,996.019,146.199,21.559,313.900,799.634,72.816,2443.483,307.265
90,8.057,47.067,3.746,1914.629,680.684,110.979,25.923,309.796,628.365,76.031,2466.925,152.185
90,8.737,60.278,2.759,2000.506,934.564,143.022,21.380,273.853,65.106,67.634,3102.540,229.780
90,9.076,47.020,2.271,1952.088,912.856,86.992,20.123,324.775,209.199,73.091,2387.292,125.008
90,10.566,53.751,3.444,2050.089,444.733,145.982,19.600,254.215,350.661,72.921,2360.393,117.730
90,4.161,67.630,3.281,1972.373,416.837,110.533,23.958,248.423,740.143,74.734,2662.906,236.607
90,6.313,58.261,3.705,2066.800,741.476,141.398,19.247,275.780,641.468,74.043,2071.716,197.126
90,6.079,77.434,3.808,1890.413,417.316,129.183,27.475,300.953,758.748,74.310,2856.329,194.754
